vendor_id,pickup_datetime,dropoff_datetime,passenger_count,trip_distance,rate_code_id,store_and_fwd_flag,pickup_location_id,dropoff_location_id,payment_type,fare_amount,extra,mta_tax,tip_amount,tolls_amount,improvement_surcharge,total_amount,congestion_surcharge
1,2019-1-15 3:36,2019-1-15 3:42,1,1,1,N,230,48,1,6.5,0.5,0.5,1.95,0,0.3,9.75,
1,2019-1-25 18:20,2019-1-25 18:26,1,0.8,1,N,112,112,1,6,1,0.5,1.55,0,0.3,9.35,0
1,2019-1-5 6:47,2019-1-5 6:52,1,1.1,1,N,107,4,2,6,0,0.5,0,0,0.3,6.8,
1,2019-1-9 15:08,2019-1-9 15:20,1,2.5,1,N,143,158,1,11,0,0.5,3,0,0.3,14.8,
1,2019-1-25 18:49,2019-1-25 18:56,1,0.8,1,N,246,90,1,6.5,1,0.5,1.65,0,0.3,9.95,0
1,2019-1-26 18:24,2019-1-26 18:39,1,1.3,1,N,144,45,2,10.5,0,0.5,0,0,0.3,11.3,0
1,2019-1-18 15:24,2019-1-18 15:40,1,3.6,1,N,13,68,1,14.5,0,0.5,3.8,0,0.3,19.1,
1,2019-1-3 14:56,2019-1-3 15:10,1,1.8,1,N,239,237,1,10.5,0,0.5,2.25,0,0.3,13.55,
1,2019-1-4 15:50,2019-1-4 16:36,1,20.8,2,N,132,238,1,52,0,0.5,11.7,5.76,0.3,70.26,
1,2019-1-5 17:55,2019-1-5 18:10,1,1.2,1,N,264,264,2,10,0,0.5,0,0,0.3,10.8,
1,2019-1-20 22:28,2019-1-20 22:37,1,2.6,1,N,90,229,1,9.5,0.5,0.5,2.15,0,0.3,12.95,
1,2019-1-17 9:50,2019-1-17 9:55,1,1.1,1,N,264,264,2,6,0,0.5,0,0,0.3,6.8,
1,2019-1-22 14:43,2019-1-22 14:52,1,1.1,1,N,237,236,1,7.5,0,0.5,1.65,0,0.3,9.95,0
1,2019-1-29 20:39,2019-1-29 20:48,1,1.6,1,N,162,246,1,8,0.5,0.5,1.85,0,0.3,11.15,0
1,2019-1-3 21:09,2019-1-3 21:21,1,2.7,1,N,164,125,1,10.5,0.5,0.5,2,0,0.3,13.8,
1,2019-1-4 17:04,2019-1-4 17:08,1,1.1,1,N,263,140,1,5.5,1,0.5,1.45,0,0.3,8.75,
1,2019-1-29 7:53,2019-1-29 8:08,1,2.3,1,N,264,264,2,12,0,0.5,0,0,0.3,12.8,0
1,2019-1-5 0:21,2019-1-5 0:25,1,0.6,1,N,100,170,2,4.5,0.5,0.5,0,0,0.3,5.8,
1,2019-1-30 21:03,2019-1-30 21:35,1,10.9,1,N,144,244,4,34,0.5,0.5,0,0,0.3,35.3,0
1,2019-1-7 8:23,2019-1-7 9:02,1,15.4,1,N,132,208,1,44,0,0.5,3,5.76,0.3,53.56,
1,2019-1-10 17:23,2019-1-10 17:34,1,1.5,1,N,162,141,2,9,1,0.5,0,0,0.3,10.8,
1,2019-1-26 7:05,2019-1-26 7:12,1,2.2,1,N,186,237,2,9,0,0.5,0,0,0.3,9.8,0
1,2019-1-27 10:45,2019-1-27 10:53,1,1.4,1,N,162,246,2,7.5,0,0.5,0,0,0.3,8.3,0
1,2019-1-29 6:57,2019-1-29 6:59,1,0.4,1,N,229,161,1,4,0,0.5,1.15,0,0.3,5.95,0
1,2019-1-14 13:20,2019-1-14 13:30,1,1.7,1,N,48,162,1,9,0,0.5,1.95,0,0.3,11.75,
1,2019-1-26 16:44,2019-1-26 16:57,1,1.7,1,N,236,43,2,10,0,0.5,0,0,0.3,10.8,0
1,2019-1-15 10:42,2019-1-15 11:09,1,7.1,2,N,223,142,1,52,0,0.5,11.71,5.76,0.3,70.27,
1,2019-1-11 23:14,2019-1-11 23:42,1,4.8,1,N,100,7,1,21.5,0.5,0.5,6.8,0,0.3,29.6,
1,2019-1-24 0:08,2019-1-24 0:20,1,2.8,1,N,231,186,2,11,0.5,0.5,0,0,0.3,12.3,0
1,2019-1-5 23:42,2019-1-6 0:11,1,12.7,1,N,132,85,2,37,0.5,0.5,0,0,0.3,38.3,
1,2019-1-22 10:15,2019-1-22 10:41,1,2.7,1,N,162,144,1,16.5,0,0.5,3.45,0,0.3,20.75,0
1,2019-1-21 16:29,2019-1-21 16:35,1,1.1,1,N,166,166,2,6.5,0,0.5,0,0,0.3,7.3,0
1,2019-1-14 12:10,2019-1-14 12:30,1,3.8,1,N,68,13,1,17,0,0.5,3.55,0,0.3,21.35,
1,2019-1-14 11:55,2019-1-14 12:08,1,0.7,1,N,100,234,1,8.5,0,0.5,1.85,0,0.3,11.15,
1,2019-1-3 21:15,2019-1-3 21:23,1,1.5,1,N,236,161,1,8.5,0.5,0.5,0,0,0.3,9.8,
1,2019-1-27 22:59,2019-1-27 23:22,1,11.3,1,N,186,92,1,32.5,0.5,0.5,7.9,5.76,0.3,47.46,0
1,2019-1-31 7:17,2019-1-31 7:20,1,0.5,1,N,68,246,1,4.5,0,0.5,0.53,0,0.3,5.83,0
1,2019-1-11 17:03,2019-1-11 17:15,1,1.7,1,N,140,43,1,9.5,1,0.5,2.26,0,0.3,13.56,
1,2019-1-4 0:39,2019-1-4 0:47,1,1.4,1,N,100,162,2,7,0.5,0.5,0,0,0.3,8.3,
1,2019-1-2 7:32,2019-1-2 7:52,1,3.9,1,N,167,75,1,16,0,0.5,0,0,0.3,16.8,
1,2019-1-14 9:48,2019-1-14 10:24,1,2.1,1,N,229,234,1,20.5,0,0.5,4.25,0,0.3,25.55,
1,2019-1-20 14:43,2019-1-20 14:52,1,1.5,1,N,79,234,1,7.5,0,0.5,2.05,0,0.3,10.35,
1,2019-1-30 11:52,2019-1-30 12:02,1,1.3,1,N,186,113,2,8,0,0.5,0,0,0.3,8.8,0
1,2019-1-7 6:25,2019-1-7 6:27,1,0.6,1,N,262,140,1,4,0,0.5,0.95,0,0.3,5.75,
1,2019-1-7 8:45,2019-1-7 8:56,1,1.1,1,N,65,97,2,8.5,0,0.5,0,0,0.3,9.3,
1,2019-1-22 16:39,2019-1-22 16:50,1,2.1,1,N,170,211,1,10,1,0.5,2.95,0,0.3,14.75,0
1,2019-1-22 19:13,2019-1-22 19:36,1,7.5,1,N,140,97,1,24,1,0.5,3.87,0,0.3,29.67,0
1,2019-1-2 20:56,2019-1-2 21:17,1,4.6,1,N,249,236,1,17.5,0.5,0.5,3.75,0,0.3,22.55,
1,2019-1-1 5:07,2019-1-1 5:19,1,3.1,1,N,264,264,1,11.5,0.5,0.5,1,0,0.3,13.8,
1,2019-1-15 11:14,2019-1-15 11:25,1,1.5,1,N,162,246,1,9,0,0.5,1.95,0,0.3,11.75,
1,2019-1-23 21:45,2019-1-23 21:48,1,1.1,1,N,141,75,1,5,0.5,0.5,1.25,0,0.3,7.55,0
1,2019-1-14 18:37,2019-1-14 18:41,1,0.4,1,N,237,237,2,4.5,1,0.5,0,0,0.3,6.3,
1,2019-1-7 11:05,2019-1-7 11:16,1,2.2,1,N,161,143,1,10.5,0,0.5,2.26,0,0.3,13.56,
1,2019-1-24 13:19,2019-1-24 13:32,1,1.2,1,N,161,237,1,9,0,0.5,1.95,0,0.3,11.75,0
1,2019-1-23 23:39,2019-1-24 0:05,1,5.1,1,N,230,7,1,21,0.5,0.5,4.45,0,0.3,26.75,0
1,2019-1-11 16:15,2019-1-11 16:52,1,11.6,5,N,170,130,1,75,0,0,8,5.76,0.3,89.06,
1,2019-1-25 20:04,2019-1-25 20:08,1,0.5,1,N,231,231,1,4.5,1,0.5,1.25,0,0.3,7.55,0
1,2019-1-11 10:54,2019-1-11 10:55,1,2,1,N,141,141,2,2.5,0,0.5,0,0,0.3,3.3,
1,2019-1-28 13:46,2019-1-28 14:56,1,18,2,N,132,13,1,52,0,0.5,10.55,0,0.3,63.35,0
1,2019-1-15 8:35,2019-1-15 8:38,1,0,1,N,170,233,2,3.5,0,0.5,0,0,0.3,4.3,
1,2019-1-23 14:17,2019-1-23 14:25,1,1,1,N,140,236,1,6.5,0,0.5,1,0,0.3,8.3,0
1,2019-1-17 6:43,2019-1-17 6:46,1,0.5,1,N,141,162,1,4,0,0.5,1,0,0.3,5.8,
1,2019-1-12 21:03,2019-1-12 21:25,1,4.9,1,N,79,75,2,18,0.5,0.5,0,0,0.3,19.3,
1,2019-1-21 19:22,2019-1-21 19:37,1,2.9,1,N,48,224,1,12.5,0,0.5,5,0,0.3,18.3,0
1,2019-1-6 14:48,2019-1-6 14:59,1,1.8,1,N,264,264,1,9.5,0,0.5,2.05,0,0.3,12.35,
1,2019-1-17 19:28,2019-1-17 19:34,1,0.9,1,N,264,264,1,6,1,0.5,1.55,0,0.3,9.35,
1,2019-1-15 23:53,2019-1-16 0:01,1,1.6,1,N,264,264,2,8,0.5,0.5,0,0,0.3,9.3,
1,2019-1-21 10:59,2019-1-21 11:09,1,2.6,1,N,75,239,1,10,0,0.5,2.7,0,0.3,13.5,0
1,2019-1-22 9:10,2019-1-22 9:27,1,1.6,1,N,68,161,1,11.5,0,0.5,2.45,0,0.3,14.75,0
1,2019-1-14 14:06,2019-1-14 14:17,1,1,2,N,170,234,1,52,0,0.5,14.6,5.76,0.3,73.16,
1,2019-1-15 15:59,2019-1-15 16:10,1,1.2,1,N,142,237,1,8.5,0,0.5,1.85,0,0.3,11.15,
1,2019-1-9 22:56,2019-1-9 23:08,1,6.6,1,N,263,232,2,19.5,0.5,0.5,0,0,0.3,20.8,
1,2019-1-30 14:34,2019-1-30 14:45,1,1.2,1,N,148,114,1,9,0,0.5,1.95,0,0.3,11.75,0
1,2019-1-28 14:11,2019-1-28 14:31,1,2,1,N,100,163,2,13,0,0.5,0,0,0.3,13.8,0
1,2019-1-31 14:49,2019-1-31 15:16,1,3.4,1,N,186,264,1,18,0,0.5,5.6,0,0.3,24.4,0
1,2019-1-6 20:33,2019-1-6 20:45,1,3.2,1,N,138,7,1,12.5,0.5,0.5,2.75,0,0.3,16.55,
1,2019-1-28 21:32,2019-1-28 21:44,1,2.3,1,N,100,79,1,10,0.5,0.5,2.25,0,0.3,13.55,0
1,2019-1-10 16:26,2019-1-10 16:31,1,1,1,N,170,79,2,6,1,0.5,0,0,0.3,7.8,
1,2019-1-26 6:24,2019-1-26 7:11,1,7.4,1,N,146,224,3,33.5,0,0.5,0,0,0.3,34.3,0
1,2019-1-22 9:00,2019-1-22 9:11,1,0.8,1,N,237,161,2,8,0,0.5,0,0,0.3,8.8,0
1,2019-1-12 17:54,2019-1-12 18:03,1,1.3,1,N,107,186,2,8,0,0.5,0,0,0.3,8.8,
1,2019-1-12 13:00,2019-1-12 13:06,1,0.8,1,N,234,170,1,5.5,0,0.5,3,0,0.3,9.3,
1,2019-1-29 5:19,2019-1-29 5:29,1,6.4,1,N,132,134,1,19,0.5,0.5,4.05,0,0.3,24.35,0
1,2019-1-1 17:56,2019-1-1 18:32,1,11.5,1,N,132,62,2,36,0,0.5,0,0,0.3,36.8,
1,2019-1-2 8:30,2019-1-2 8:42,1,2,1,N,162,140,1,10,0,0.5,2.15,0,0.3,12.95,
1,2019-1-14 5:21,2019-1-14 5:42,1,11.2,1,N,48,138,1,32,0.5,0.5,7.8,5.76,0.3,46.86,
1,2019-1-13 10:30,2019-1-13 10:38,1,2,1,N,237,164,1,8.5,0,0.5,1.4,0,0.3,10.7,
1,2019-1-7 21:29,2019-1-7 21:45,1,3.9,1,N,100,238,2,14.5,0.5,0.5,0,0,0.3,15.8,
1,2019-1-14 9:43,2019-1-14 10:01,1,3.4,1,N,263,233,2,13,0,0.5,0,0,0.3,13.8,
1,2019-1-25 20:05,2019-1-25 20:21,1,2.1,1,N,264,264,1,11.5,0.5,0.5,2.55,0,0.3,15.35,0
1,2019-1-4 19:37,2019-1-4 19:46,1,0.8,1,N,264,264,2,7,1,0.5,0,0,0.3,8.8,
1,2019-1-11 12:15,2019-1-11 12:26,1,1.1,1,N,163,161,2,8.5,0,0.5,0,0,0.3,9.3,
1,2019-1-9 16:13,2019-1-9 16:33,1,1.6,1,N,161,236,2,13.5,1,0.5,0,0,0.3,15.3,
1,2019-1-2 10:15,2019-1-2 10:22,1,1.3,1,N,125,68,1,6.5,0,0.5,1.8,0,0.3,9.1,
1,2019-1-22 5:50,2019-1-22 5:53,1,1,1,N,162,107,1,5.5,0.5,0.5,1.36,0,0.3,8.16,0
1,2019-1-10 15:15,2019-1-10 15:47,1,3.9,1,N,141,166,1,21,0,0.5,5.45,0,0.3,27.25,
1,2019-1-25 17:06,2019-1-25 17:25,1,5.2,1,N,87,170,1,19.5,1,0.5,6.35,0,0.3,27.65,0
1,2019-1-11 14:08,2019-1-11 14:10,1,0.4,1,N,239,239,2,4,0,0.5,0,0,0.3,4.8,
1,2019-1-1 0:00,2019-1-1 0:31,1,18,2,N,132,140,1,52,0,0.5,7,0,0.3,59.8,
1,2019-1-29 8:17,2019-1-29 8:34,1,2.5,1,N,239,229,1,12.5,0,0.5,2.65,0,0.3,15.95,0
1,2019-1-25 22:30,2019-1-25 22:37,1,1,1,N,230,142,4,6.5,0.5,0.5,0,0,0.3,7.8,0
1,2019-1-15 20:45,2019-1-15 20:50,1,1.5,1,N,229,264,1,6.5,0.5,0.5,1.55,0,0.3,9.35,
1,2019-1-15 10:32,2019-1-15 10:33,1,1.3,1,N,162,162,3,2.5,0,0.5,0,0,0.3,3.3,
1,2019-1-20 13:42,2019-1-20 13:52,1,1.5,1,N,230,246,2,8.5,0,0.5,0,0,0.3,9.3,
1,2019-1-7 16:47,2019-1-7 16:55,1,1.4,1,N,238,41,1,7,1,0.5,1.75,0,0.3,10.55,
1,2019-1-31 19:40,2019-1-31 19:46,1,0.7,1,N,237,163,1,5.5,1,0.5,1.45,0,0.3,8.75,0
1,2019-1-5 11:42,2019-1-5 11:56,1,2.5,1,N,164,43,2,11.5,0,0.5,0,0,0.3,12.3,
1,2019-1-30 8:20,2019-1-30 8:35,1,1.8,1,N,231,79,1,11,0,0.5,2.36,0,0.3,14.16,0
1,2019-1-2 9:40,2019-1-2 9:49,1,0.7,1,N,162,229,2,7,0,0.5,0,0,0.3,7.8,
1,2019-1-11 8:57,2019-1-11 9:03,1,0.7,1,N,162,237,1,5.5,0,0.5,1.55,0,0.3,7.85,
1,2019-1-17 13:15,2019-1-17 13:22,1,1,1,N,79,114,3,6,0,0.5,0,0,0.3,6.8,
1,2019-1-21 18:50,2019-1-21 18:56,1,1.9,1,N,161,236,1,7.5,0,0.5,1.65,0,0.3,9.95,0
1,2019-1-12 16:02,2019-1-12 16:09,1,2.3,1,N,137,232,2,9,0,0.5,0,0,0.3,9.8,
1,2019-1-29 7:27,2019-1-29 7:45,1,2,1,N,107,230,1,12.5,0,0.5,1,0,0.3,14.3,0
1,2019-1-19 16:14,2019-1-19 16:20,1,0.8,1,N,100,50,1,5.5,0,0.5,1.25,0,0.3,7.55,
1,2019-1-15 18:42,2019-1-15 18:47,1,0.7,1,N,141,263,1,5,1,0.5,1.02,0,0.3,7.82,
1,2019-1-29 11:58,2019-1-29 12:24,1,1.7,1,N,186,142,2,16.5,0,0.5,0,0,0.3,17.3,0
1,2019-1-20 17:44,2019-1-20 18:03,1,2.3,1,N,236,230,2,13.5,0,0.5,0,0,0.3,14.3,
1,2019-1-6 14:47,2019-1-6 14:56,1,1.5,1,N,151,41,2,8,0,0.5,0,0,0.3,8.8,
1,2019-1-2 8:01,2019-1-2 8:08,1,0.8,1,N,264,264,1,6,0,0.5,0.34,0,0.3,7.14,
1,2019-1-9 9:30,2019-1-9 9:36,1,0.8,1,N,48,230,1,5.5,0,0.5,1.55,0,0.3,7.85,
1,2019-1-28 17:42,2019-1-28 17:59,1,2.8,1,N,163,151,1,12.5,1,0.5,2,0,0.3,16.3,0
1,2019-1-27 11:32,2019-1-27 11:43,1,2,1,N,24,142,4,9.5,0,0.5,0,0,0.3,10.3,0
1,2019-1-28 18:20,2019-1-28 18:43,1,8.1,1,N,138,116,1,26,1,0.5,6.7,5.76,0.3,40.26,0
1,2019-1-6 11:42,2019-1-6 11:52,1,2.1,1,N,161,50,1,9.5,0,0.5,0,0,0.3,10.3,
1,2019-1-31 6:19,2019-1-31 6:37,1,4.4,1,N,264,264,2,16.5,0,0.5,0,0,0.3,17.3,0
1,2019-1-31 20:41,2019-1-31 20:48,1,2.1,1,N,233,262,2,8,0.5,0.5,0,0,0.3,9.3,0
1,2019-1-20 21:58,2019-1-20 22:08,1,2,1,N,142,229,1,9,0.5,0.5,2.55,0,0.3,12.85,
1,2019-1-11 7:56,2019-1-11 8:00,1,0.8,1,N,100,161,1,4.5,0,0.5,1.05,0,0.3,6.35,
1,2019-1-14 18:12,2019-1-14 18:33,1,2.6,1,N,264,264,2,15,1,0.5,0,0,0.3,16.8,
1,2019-1-28 7:22,2019-1-28 7:30,1,1.7,1,N,186,161,2,8,0,0.5,0,0,0.3,8.8,0
1,2019-1-11 16:20,2019-1-11 16:28,1,0.6,1,N,164,234,1,7,1,0.5,1.75,0,0.3,10.55,
1,2019-1-7 18:25,2019-1-7 18:38,1,1.7,1,N,237,262,1,9,1,0.5,2.15,0,0.3,12.95,
1,2019-1-14 9:04,2019-1-14 9:06,1,0.5,1,N,162,163,2,4,0,0.5,0,0,0.3,4.8,
1,2019-1-22 15:05,2019-1-22 15:15,1,1.1,1,N,261,231,2,8,0,0.5,0,0,0.3,8.8,0
1,2019-1-14 8:47,2019-1-14 9:13,1,2.5,1,N,237,107,2,16.5,0,0.5,0,0,0.3,17.3,
1,2019-1-21 13:38,2019-1-21 13:42,1,0.6,1,N,237,237,2,5,0,0.5,0,0,0.3,5.8,0
1,2019-1-25 19:24,2019-1-25 19:35,1,1.4,1,N,230,143,1,8.5,1,0.5,2.55,0,0.3,12.85,0
1,2019-1-11 14:31,2019-1-11 14:51,1,2,1,N,264,264,1,14,0,0.5,2.95,0,0.3,17.75,
2,2019-1-5 6:36,2019-1-5 6:50,1,3.72,1,N,68,236,1,14,0,0.5,1,0,0.3,15.8,
1,2019-1-23 15:22,2019-1-23 15:32,1,3.3,1,N,12,232,2,12.5,0,0.5,0,0,0.3,13.3,0
1,2019-1-5 12:07,2019-1-5 12:14,1,1,1,N,25,49,1,6,0,0.5,1.35,0,0.3,8.15,
2,2019-1-22 18:26,2019-1-22 18:35,1,1.69,1,N,142,238,1,8,1,0.5,1.2,0,0.3,11,0
2,2019-1-20 23:03,2019-1-20 23:21,1,5.28,1,N,114,239,1,18,0.5,0.5,3.86,0,0.3,23.16,
2,2019-1-23 0:17,2019-1-23 0:32,1,2.75,1,N,161,79,1,12.5,0.5,0.5,2.76,0,0.3,16.56,0
1,2019-1-28 12:58,2019-1-28 13:47,1,12.1,1,N,236,138,1,43,0,0.5,10.9,0,0.3,54.7,0
2,2019-1-28 21:28,2019-1-28 21:46,1,4.73,1,N,141,129,1,17,0.5,0.5,5.49,0,0.3,23.79,0
2,2019-1-19 9:30,2019-1-19 9:35,1,0.86,1,N,74,74,1,5,0,0.5,0,0,0.3,5.8,
1,2019-1-4 23:55,2019-1-5 0:06,1,3,1,N,237,41,1,11.5,0.5,0.5,2.55,0,0.3,15.35,
1,2019-1-4 7:29,2019-1-4 7:36,1,1.7,1,N,264,264,1,8,0,0.5,1.76,0,0.3,10.56,
1,2019-1-11 13:00,2019-1-11 13:00,1,0,1,N,79,79,3,2.5,0,0.5,0,0,0.3,3.3,
1,2019-1-17 18:39,2019-1-17 18:43,1,0.8,1,N,48,50,1,5.5,1,0.5,1.45,0,0.3,8.75,
2,2019-1-11 20:04,2019-1-11 20:26,1,11.3,1,N,100,220,2,33,0.5,0.5,0,2.64,0.3,36.94,
1,2019-1-2 2:42,2019-1-2 2:46,1,0.7,1,N,230,246,1,5,0.5,0.5,0,0,0.3,6.3,
1,2019-1-17 20:05,2019-1-17 20:10,1,0.6,1,N,234,170,1,5,0.5,0.5,0.63,0,0.3,6.93,
1,2019-1-17 15:11,2019-1-17 15:27,1,1.6,1,N,107,186,1,11,0,0.5,2.35,0,0.3,14.15,
2,2019-1-14 14:56,2019-1-14 15:05,1,1.36,1,N,161,164,1,7.5,0,0.5,1.66,0,0.3,9.96,
1,2019-1-20 16:49,2019-1-20 16:55,1,1.3,1,N,164,43,1,6.5,0,0.5,2,0,0.3,9.3,
2,2019-1-16 15:52,2019-1-16 15:58,1,0.95,1,N,142,239,2,6,0,0.5,0,0,0.3,6.8,
1,2019-1-31 7:56,2019-1-31 8:00,1,0.4,1,N,264,264,1,4.5,0,0.5,1.06,0,0.3,6.36,0
4,2019-1-22 8:35,2019-1-22 9:05,1,9.39,1,N,113,138,1,30.5,0,0.5,7.41,5.76,0.3,44.47,
2,2019-1-12 5:55,2019-1-12 6:00,1,0.59,1,N,48,68,1,5,0.5,0.5,1.26,0,0.3,7.56,
2,2019-1-23 18:33,2019-1-23 18:56,1,8.71,1,N,138,107,1,26.5,1,0.5,6.81,5.76,0.3,40.87,0
2,2019-1-23 20:27,2019-1-23 20:50,1,3.85,1,N,113,140,1,16.5,0.5,0.5,1.2,0,0.3,19,0
2,2019-1-18 14:03,2019-1-18 14:17,1,1.95,1,N,186,114,2,10.5,0,0.5,0,0,0.3,11.3,
2,2019-1-13 12:53,2019-1-13 13:20,1,19.7,2,N,263,132,1,52,0,0.5,11.71,5.76,0.3,70.27,
1,2019-1-9 2:15,2019-1-9 2:22,1,1.7,1,N,68,230,1,7.5,0.5,0.5,1.75,0,0.3,10.55,
2,2019-1-20 8:03,2019-1-20 8:08,1,0.7,1,N,246,246,2,5,0,0.5,0,0,0.3,5.8,
2,2019-1-21 18:10,2019-1-21 18:12,1,0.45,1,N,231,231,1,4,0,0.5,1.2,0,0.3,6,0
1,2019-1-13 20:58,2019-1-13 21:19,1,3.9,1,N,125,49,1,16.5,0.5,0.5,4.45,0,0.3,22.25,
2,2019-1-29 22:40,2019-1-29 22:51,1,2.45,1,N,161,239,1,10,0.5,0.5,2.26,0,0.3,13.56,0
2,2019-1-15 8:06,2019-1-15 8:24,1,1.63,1,N,151,236,1,12,0,0.5,3,0,0.3,15.8,
2,2019-1-7 18:15,2019-1-7 18:24,1,1.05,1,N,140,236,1,7.5,1,0.5,2.32,0,0.3,11.62,
2,2019-1-10 22:32,2019-1-10 22:37,1,1.04,1,N,114,231,1,5.5,0.5,0.5,1,0,0.3,7.8,
2,2019-1-8 17:15,2019-1-8 17:59,1,12.26,1,N,138,77,2,40,1,0.5,0,0,0.3,41.8,
2,2019-1-20 19:26,2019-1-20 19:31,1,0.9,1,N,114,113,2,5.5,0,0.5,0,0,0.3,6.3,
2,2019-1-9 7:51,2019-1-9 8:00,1,2.16,1,N,170,211,1,9,0,0.5,1.96,0,0.3,11.76,
1,2019-1-3 18:30,2019-1-3 18:38,1,1.2,1,N,237,263,1,7,1,0.5,0,0,0.3,8.8,
2,2019-1-23 21:45,2019-1-23 21:52,1,1.11,1,N,48,161,2,6.5,0.5,0.5,0,0,0.3,7.8,0
1,2019-1-9 16:02,2019-1-9 16:16,1,0.8,1,N,264,264,2,9,1,0.5,0,0,0.3,10.8,
2,2019-1-25 10:59,2019-1-25 11:44,1,24.75,1,N,132,265,2,68.5,0,0.5,0,5.76,0.3,75.06,0
2,2019-1-5 18:38,2019-1-5 18:54,1,1.88,1,N,48,137,1,11.5,0,0.5,2,0,0.3,14.3,
2,2019-1-7 14:59,2019-1-7 15:10,1,1.47,1,N,234,68,1,8.5,0,0.5,1.86,0,0.3,11.16,
2,2019-1-18 11:42,2019-1-18 11:57,1,1.85,1,N,249,161,1,10.5,0,0.5,2.26,0,0.3,13.56,
1,2019-1-29 20:19,2019-1-29 20:36,1,3.7,1,N,234,263,2,14.5,0.5,0.5,0,0,0.3,15.8,0
1,2019-1-21 13:20,2019-1-21 13:26,1,0.8,1,N,141,141,1,5.5,0,0.5,1.25,0,0.3,7.55,0
2,2019-1-8 20:22,2019-1-8 20:26,1,0.46,1,N,141,236,1,4.5,0.5,0.5,1.74,0,0.3,7.54,
2,2019-1-28 19:51,2019-1-28 19:58,1,1.29,1,N,107,68,1,7,1,0.5,2.2,0,0.3,11,0
2,2019-1-30 21:46,2019-1-30 22:00,1,2.22,1,N,237,68,1,10.5,0.5,0.5,1.18,0,0.3,12.98,0
1,2019-1-1 19:13,2019-1-1 19:15,1,0.4,1,N,238,151,1,3.5,0,0.5,0.86,0,0.3,5.16,
2,2019-1-25 16:10,2019-1-25 16:19,1,1.02,1,N,233,161,1,7,1,0.5,2,0,0.3,10.8,0
1,2019-1-6 1:09,2019-1-6 1:23,1,2.5,1,N,87,79,1,11.5,0.5,0.5,2.55,0,0.3,15.35,
2,2019-1-19 9:28,2019-1-19 9:38,1,2.43,1,N,263,74,2,10,0,0.5,0,0,0.3,10.8,
2,2019-1-10 13:10,2019-1-10 13:40,1,17.69,2,N,132,107,1,52,0,0.5,11.71,5.76,0.3,70.27,
1,2019-1-23 15:33,2019-1-23 15:44,1,1.6,1,N,237,239,1,9,0,0.5,1.95,0,0.3,11.75,0
1,2019-1-30 18:03,2019-1-30 18:21,1,1.7,1,N,230,229,1,12.5,1,0.5,3.55,0,0.3,17.85,0
1,2019-1-23 21:55,2019-1-23 22:00,1,0.5,1,N,107,234,2,5,0.5,0.5,0,0,0.3,6.3,0
2,2019-1-29 17:04,2019-1-29 17:11,1,0.85,1,N,170,163,1,6.5,1,0.5,1.66,0,0.3,9.96,0
1,2019-1-11 12:53,2019-1-11 13:11,1,2.3,1,N,229,236,1,12.5,0,0.5,2.39,0,0.3,15.69,
1,2019-1-24 14:02,2019-1-24 14:06,1,0.4,1,N,231,231,1,4,0,0.5,0.95,0,0.3,5.75,0
2,2019-1-13 13:58,2019-1-13 14:00,1,0.42,1,N,164,161,2,3.5,0,0.5,0,0,0.3,4.3,
2,2019-1-2 10:26,2019-1-2 10:29,1,1.07,1,N,170,229,2,5,0,0.5,0,0,0.3,5.8,
2,2019-1-23 21:02,2019-1-23 21:14,1,1.76,1,N,163,234,1,9,0.5,0.5,1,0,0.3,11.3,0
1,2019-1-6 12:04,2019-1-6 12:21,1,3.5,1,N,261,246,1,15,0,0.5,3.5,0,0.3,19.3,
2,2019-1-20 23:27,2019-1-20 23:40,1,3.65,1,N,41,243,2,13.5,0.5,0.5,0,0,0.3,14.8,
2,2019-1-7 17:56,2019-1-7 18:24,1,9.34,1,N,138,148,2,30.5,1,0.5,0,0,0.3,32.3,
2,2019-1-29 18:37,2019-1-29 18:46,1,0.9,1,N,170,137,1,7,1,0.5,1,0,0.3,9.8,0
2,2019-1-24 8:20,2019-1-24 8:44,1,2.04,1,N,141,161,2,14.5,0,0.5,0,0,0.3,15.3,0
1,2019-1-29 7:29,2019-1-29 7:38,1,1.6,1,N,42,41,1,8.5,0,0.5,1.85,0,0.3,11.15,0
2,2019-1-15 17:26,2019-1-15 17:32,1,0.76,1,N,163,162,1,6,1,0.5,2.34,0,0.3,10.14,
1,2019-1-2 18:22,2019-1-2 18:30,1,0.8,1,N,161,164,1,7,1,0.5,1.75,0,0.3,10.55,
2,2019-1-22 20:11,2019-1-22 20:19,1,1.15,1,N,186,246,1,7,0.5,0.5,1.5,0,0.3,9.8,0
2,2019-1-25 17:57,2019-1-25 18:11,1,3.17,1,N,50,231,1,12.5,1,0.5,2.86,0,0.3,17.16,0
1,2019-1-5 16:34,2019-1-5 16:51,1,3,1,N,170,263,1,13.5,0,0.5,1.43,0,0.3,15.73,
1,2019-1-7 16:16,2019-1-7 16:20,1,0.5,1,N,236,262,1,4.5,1,0.5,1.26,0,0.3,7.56,
2,2019-1-17 19:39,2019-1-17 19:57,1,2.74,1,N,230,158,1,13.5,1,0.5,3.06,0,0.3,18.36,
2,2019-1-1 16:04,2019-1-1 16:12,1,1.69,1,N,261,211,2,8,0,0.5,0,0,0.3,8.8,
2,2019-1-30 20:02,2019-1-30 20:15,1,2.03,1,N,161,107,1,11,0.5,0.5,2.46,0,0.3,14.76,0
1,2019-1-4 13:38,2019-1-4 13:45,1,0.8,1,N,249,107,1,6,0,0.5,1.35,0,0.3,8.15,
2,2019-1-1 16:30,2019-1-1 16:53,1,9.27,1,N,237,138,1,28.5,0,0.5,5.86,0,0.3,35.16,
1,2019-1-15 7:56,2019-1-15 8:08,1,3.8,1,N,229,232,1,13.5,0,0.5,1,0,0.3,15.3,
2,2019-1-19 14:38,2019-1-19 15:05,1,10.56,1,N,138,230,2,32.5,0,0.5,0,5.76,0.3,39.06,
2,2019-1-12 2:34,2019-1-12 2:45,1,3.61,1,N,164,263,1,12.5,0.5,0.5,4.14,0,0.3,17.94,
2,2019-1-12 18:28,2019-1-12 18:36,1,1.47,1,N,236,141,1,7.5,0,0.5,1.66,0,0.3,9.96,
2,2019-1-21 21:10,2019-1-21 21:16,1,2.5,1,N,236,74,1,8.5,0.5,0.5,0,0,0.3,9.8,0
1,2019-1-22 11:10,2019-1-22 11:11,1,0.1,1,N,236,236,2,2.5,0,0.5,0,0,0.3,3.3,0
2,2019-1-7 8:44,2019-1-7 9:02,1,6.32,1,N,140,87,1,21,0,0.5,2,0,0.3,23.8,
2,2019-1-31 9:04,2019-1-31 9:07,1,0.61,1,N,262,140,1,4.5,0,0.5,1.32,0,0.3,6.62,0
2,2019-1-25 22:51,2019-1-25 23:04,1,1.71,1,N,142,170,2,10,0.5,0.5,0,0,0.3,11.3,0
2,2019-1-5 21:46,2019-1-5 21:59,1,2.35,1,N,100,143,1,11,0.5,0.5,3.08,0,0.3,15.38,
2,2019-1-2 14:04,2019-1-2 14:23,1,2.41,1,N,229,246,1,13.5,0,0.5,3.58,0,0.3,17.88,
1,2019-1-8 22:14,2019-1-8 22:30,1,3.5,1,N,230,231,1,13.5,0.5,0.5,2.95,0,0.3,17.75,
1,2019-1-17 8:19,2019-1-17 8:28,1,0.8,1,N,230,161,1,7,0,0.5,1,0,0.3,8.8,
2,2019-1-8 15:44,2019-1-8 15:53,1,1.08,1,N,236,237,1,7.5,0,0.5,1,0,0.3,9.3,
1,2019-1-30 4:54,2019-1-30 5:09,1,5.4,1,N,236,114,1,17.5,0.5,0.5,3.5,0,0.3,22.3,0
2,2019-1-14 7:20,2019-1-14 7:34,1,2.4,1,N,107,231,1,11.5,0,0.5,2.46,0,0.3,14.76,
1,2019-1-17 10:53,2019-1-17 10:59,1,0.6,1,N,239,239,1,5,0,0.5,2,0,0.3,7.8,
2,2019-1-13 17:18,2019-1-13 17:25,1,1.05,1,N,141,229,1,7,0,0.5,1.95,0,0.3,9.75,
2,2019-1-30 9:36,2019-1-30 9:48,1,1.43,1,N,246,246,1,9.5,0,0.5,1.7,0,0.3,12,0
2,2019-1-6 0:01,2019-1-6 0:10,1,1.5,1,N,68,48,1,7.5,0.5,0.5,2.64,0,0.3,11.44,
2,2019-1-11 20:12,2019-1-11 20:20,1,1.23,1,N,48,68,1,7,0.5,0.5,1,0,0.3,9.3,
1,2019-1-10 7:58,2019-1-10 8:14,1,2.2,1,N,43,140,2,11.5,0,0.5,0,0,0.3,12.3,
2,2019-1-20 20:41,2019-1-20 20:53,1,4.91,1,N,132,130,2,16.5,0.5,0.5,0,0,0.3,17.8,
1,2019-1-21 18:21,2019-1-21 18:25,1,0.4,1,N,231,13,1,4.5,0,0.5,1,0,0.3,6.3,0
2,2019-1-19 20:20,2019-1-19 20:28,1,1.32,1,N,170,163,2,7,0.5,0.5,0,0,0.3,8.3,
1,2019-1-21 18:15,2019-1-21 18:21,1,1.7,1,N,229,262,1,7,0,0.5,1.55,0,0.3,9.35,0
4,2019-1-19 20:18,2019-1-19 20:31,1,1.34,1,N,107,246,1,9.5,0.5,0.5,2.16,0,0.3,12.96,
1,2019-1-17 14:42,2019-1-17 14:50,1,0.8,1,N,234,107,1,7,0,0.5,1.55,0,0.3,9.35,
2,2019-1-16 18:25,2019-1-16 18:27,1,0.34,1,N,141,141,1,3.5,1,0.5,1.06,0,0.3,6.36,
2,2019-1-20 17:27,2019-1-20 18:04,1,21.35,2,N,239,132,1,52,0,0.5,14.64,5.76,0.3,73.2,
2,2019-1-29 21:40,2019-1-29 21:45,1,0.82,1,N,186,246,2,5,0.5,0.5,0,0,0.3,6.3,0
2,2019-1-8 17:38,2019-1-8 17:51,1,1.35,1,N,162,230,1,9.5,1,0.5,2.82,0,0.3,14.12,
2,2019-1-28 13:41,2019-1-28 13:47,1,0.94,1,N,164,161,2,6,0,0.5,0,0,0.3,6.8,0
2,2019-1-19 8:51,2019-1-19 8:59,1,2.47,1,N,238,230,1,9.5,0,0.5,3.09,0,0.3,13.39,
1,2019-1-17 18:01,2019-1-17 18:17,1,2.4,1,N,142,143,2,13,1,0.5,0,0,0.3,14.8,
2,2019-1-5 21:49,2019-1-5 22:03,1,3.62,1,N,161,7,2,13.5,0.5,0.5,0,0,0.3,14.8,
1,2019-1-14 8:07,2019-1-14 8:12,1,0.5,1,N,48,48,1,5.5,0,0.5,1.25,0,0.3,7.55,
1,2019-1-28 12:37,2019-1-28 12:45,1,1.4,1,N,238,236,1,8,0,0.5,1.75,0,0.3,10.55,0
2,2019-1-9 7:02,2019-1-9 7:05,1,0.65,1,N,79,148,1,4.5,0,0.5,1.06,0,0.3,6.36,
2,2019-1-16 13:48,2019-1-16 13:54,1,0.93,1,N,68,113,1,6,0,0.5,1.7,0,0.3,8.5,
2,2019-1-1 7:11,2019-1-1 7:21,1,2.43,1,N,164,148,2,9.5,0,0.5,0,0,0.3,10.3,
2,2019-1-6 15:28,2019-1-6 15:34,1,1.22,1,N,142,48,2,6.5,0,0.5,0,0,0.3,7.3,
1,2019-1-2 15:36,2019-1-2 15:46,1,1.8,1,N,264,264,1,9,0,0.5,1.95,0,0.3,11.75,
2,2019-1-21 21:39,2019-1-21 22:05,1,7.22,1,N,237,160,1,25,0.5,0.5,5.26,0,0.3,31.56,0
2,2019-1-5 16:05,2019-1-5 16:31,1,3.74,1,N,211,163,2,17.5,0,0.5,0,0,0.3,18.3,
2,2019-1-6 10:27,2019-1-6 10:29,1,0.32,1,N,90,90,2,3.5,0,0.5,0,0,0.3,4.3,
1,2019-1-14 20:18,2019-1-14 20:23,1,0.6,1,N,162,237,1,5,0.5,0.5,1.25,0,0.3,7.55,
2,2019-1-25 13:42,2019-1-25 13:50,1,0.66,1,N,237,140,1,6.5,0,0.5,1.46,0,0.3,8.76,0
4,2019-1-15 9:51,2019-1-15 10:17,1,2.43,1,N,236,162,1,16,0,0.5,0,0,0.3,16.8,
2,2019-1-19 9:54,2019-1-19 9:57,1,0.7,1,N,90,186,1,4.5,0,0.5,1.06,0,0.3,6.36,
1,2019-1-4 23:58,2019-1-5 0:00,1,0.6,1,N,237,263,2,4,0.5,0.5,0,0,0.3,5.3,
1,2019-1-14 13:17,2019-1-14 13:23,1,1.2,1,N,142,238,1,7,0,0.5,1.55,0,0.3,9.35,
1,2019-1-10 16:47,2019-1-10 16:58,1,1.1,1,N,161,48,1,8,1,0.5,1.95,0,0.3,11.75,
2,2019-1-15 23:48,2019-1-16 0:01,1,2.65,1,N,79,87,1,11.5,0.5,0.5,2.56,0,0.3,15.36,
1,2019-1-30 15:32,2019-1-30 15:46,1,1.1,1,N,230,162,1,9.5,0,0.5,1,0,0.3,11.3,0
2,2019-1-19 10:37,2019-1-19 10:45,1,1.3,1,N,151,239,1,7.5,0,0.5,1.24,0,0.3,9.54,
1,2019-1-7 12:15,2019-1-7 12:24,1,1.3,1,N,79,211,2,8,0,0.5,0,0,0.3,8.8,
1,2019-1-27 13:17,2019-1-27 13:48,1,10.2,1,N,138,68,1,32,0,0.5,7.7,5.76,0.3,46.26,0
1,2019-1-24 14:39,2019-1-24 14:43,1,0.4,1,N,236,236,1,4,0,0.5,0.95,0,0.3,5.75,0
1,2019-1-1 12:04,2019-1-1 12:10,1,1.7,1,N,230,239,2,7.5,0,0.5,0,0,0.3,8.3,
2,2019-1-29 6:35,2019-1-29 6:54,1,6.12,1,N,140,223,1,20.5,0,0.5,5.41,5.76,0.3,32.47,0
2,2019-1-21 20:37,2019-1-21 20:42,1,0.97,1,N,162,237,1,5.5,0.5,0.5,1,0,0.3,7.8,0
2,2019-1-20 14:41,2019-1-20 14:44,1,0.67,1,N,100,90,1,4.5,0,0.5,0.26,0,0.3,5.56,
2,2019-1-26 18:01,2019-1-26 18:23,1,3.7,1,N,164,263,1,16,0,0.5,2.45,0,0.3,19.25,0
2,2019-1-26 8:50,2019-1-26 9:08,1,4.07,1,N,231,230,1,16,0,0.5,4.2,0,0.3,21,0
1,2019-1-31 18:59,2019-1-31 19:03,1,0.3,1,N,233,229,1,4.5,1,0.5,1,0,0.3,7.3,0
1,2019-1-7 18:57,2019-1-7 19:04,1,1.1,1,N,230,170,1,6.5,1,0.5,1.65,0,0.3,9.95,
1,2019-1-26 19:45,2019-1-26 19:50,1,0.4,1,N,237,141,1,4.5,0,0.5,1.05,0,0.3,6.35,0
2,2019-1-29 14:30,2019-1-29 14:46,1,1.74,1,N,107,163,1,11,0,0.5,1.18,0,0.3,12.98,0
2,2019-1-4 14:29,2019-1-4 14:57,1,7.43,1,N,87,236,1,26,0,0.5,6.7,0,0.3,33.5,
2,2019-1-26 17:22,2019-1-26 17:38,1,2.96,1,N,229,90,1,12.5,0,0.5,3.32,0,0.3,16.62,0
1,2019-1-25 5:54,2019-1-25 6:02,1,1.4,1,N,161,137,1,7.5,0.5,0.5,1.75,0,0.3,10.55,0
1,2019-1-16 15:51,2019-1-16 15:56,1,0.5,1,N,237,141,2,4.5,0,0.5,0,0,0.3,5.3,
2,2019-1-12 11:40,2019-1-12 12:01,1,4.85,1,N,239,145,1,18.5,0,0.5,3.86,0,0.3,23.16,
2,2019-1-16 18:11,2019-1-16 18:31,1,1.64,1,N,236,237,2,13,1,0.5,0,0,0.3,14.8,
1,2019-1-30 12:54,2019-1-30 13:15,1,2.8,1,N,186,237,1,15.5,0,0.5,3.25,0,0.3,19.55,0
1,2019-1-31 19:04,2019-1-31 19:16,1,0.6,1,N,230,100,1,8,1,0.5,1.95,0,0.3,11.75,0
2,2019-1-1 22:38,2019-1-1 23:00,1,1.34,1,N,162,48,2,14,0.5,0.5,0,0,0.3,15.3,
1,2019-1-27 0:36,2019-1-27 1:06,1,4.7,1,N,107,17,2,23,0.5,0.5,0,0,0.3,24.3,0
2,2019-1-16 12:50,2019-1-16 12:57,1,1.42,1,N,141,236,1,7,0,0.5,1,0,0.3,8.8,
2,2019-1-25 13:06,2019-1-25 13:12,1,0.63,1,N,50,100,1,5.5,0,0.5,1.26,0,0.3,7.56,0
1,2019-1-9 8:01,2019-1-9 8:10,1,1.6,1,N,236,74,1,9,0,0.5,1.95,0,0.3,11.75,
1,2019-1-10 14:08,2019-1-10 14:24,1,6.6,1,N,138,134,2,21.5,0,0.5,0,0,0.3,22.3,
1,2019-1-1 22:50,2019-1-1 23:15,1,17.4,1,N,132,21,1,46.5,0.5,0.5,4.78,0,0.3,52.58,
2,2019-1-10 12:40,2019-1-10 12:51,1,1.69,1,N,234,79,1,8.5,1,0.5,2.06,0,0.3,12.36,
2,2019-1-12 15:06,2019-1-12 15:16,1,1.58,1,N,125,209,2,8.5,0,0.5,0,0,0.3,9.3,
2,2019-1-29 9:03,2019-1-29 9:20,1,2.48,1,N,79,229,1,12,0,0.5,2,0,0.3,14.8,0
2,2019-1-27 14:16,2019-1-27 14:26,1,2.18,1,N,246,231,1,10,0,0.5,1,0,0.3,11.8,0
2,2019-1-19 20:50,2019-1-19 21:01,1,1.19,1,N,249,144,1,8.5,0.5,0.5,1.96,0,0.3,11.76,
1,2019-1-6 15:19,2019-1-6 15:23,1,0.7,1,N,186,90,1,5,0,0.5,1.45,0,0.3,7.25,
2,2019-1-24 18:57,2019-1-24 19:04,1,0.5,1,N,79,114,1,5.5,1,0.5,1.82,0,0.3,9.12,0
2,2019-1-9 22:20,2019-1-9 22:30,1,1.97,1,N,100,50,2,8.5,0.5,0.5,0,0,0.3,9.8,
1,2019-1-3 16:33,2019-1-3 16:46,1,2.1,1,N,140,162,1,11,1,0.5,1,0,0.3,13.8,
2,2019-1-9 21:46,2019-1-9 21:54,1,1.59,1,N,186,113,1,7.5,0.5,0.5,1.76,0,0.3,10.56,
2,2019-1-18 21:54,2019-1-18 21:56,1,0.84,1,N,141,162,1,4.5,0.5,0.5,1.45,0,0.3,7.25,
2,2019-1-13 12:51,2019-1-13 12:51,1,0,1,N,140,140,2,2.5,0,0.5,0,0,0.3,3.3,
2,2019-1-18 21:03,2019-1-18 21:09,1,1.24,1,N,141,236,1,7,0.5,0.5,2.49,0,0.3,10.79,
2,2019-1-6 8:50,2019-1-6 9:02,1,4.84,5,N,22,227,1,15.61,0,0,0,0,0.3,15.91,
2,2019-1-18 20:22,2019-1-18 20:37,1,1.65,1,N,164,79,1,10,0.5,0.5,2.26,0,0.3,13.56,
1,2019-1-23 19:17,2019-1-23 19:43,1,3.2,1,N,161,231,1,17,1,0.5,1.88,0,0.3,20.68,0
1,2019-1-1 5:13,2019-1-1 5:32,1,9.3,4,N,132,265,1,33.5,0.5,0.5,3,0,0.3,37.8,
2,2019-1-10 20:18,2019-1-10 20:20,1,0.52,1,N,48,142,1,4,0.5,0.5,1.06,0,0.3,6.36,
2,2019-1-27 3:11,2019-1-27 3:29,1,7.71,1,N,48,42,1,24,0.5,0.5,5.06,0,0.3,30.36,0
2,2019-1-14 12:21,2019-1-14 12:48,1,3.14,1,N,113,237,2,18,0,0.5,0,0,0.3,18.8,
1,2019-1-27 14:56,2019-1-27 15:03,1,0.6,1,N,144,211,2,5.5,0,0.5,0,0,0.3,6.3,0
2,2019-1-18 11:43,2019-1-18 12:06,1,1.82,1,N,233,107,1,14.5,0,0.5,3.06,0,0.3,18.36,
1,2019-1-6 16:42,2019-1-6 17:18,1,7.1,1,N,239,232,1,28.5,0,0.5,2,0,0.3,31.3,
2,2019-1-29 3:15,2019-1-29 3:24,1,1.8,1,N,211,234,1,8.5,0.5,0.5,1,0,0.3,10.8,0
2,2019-1-11 12:30,2019-1-11 12:34,1,0.37,1,N,260,260,2,4.5,0,0.5,0,0,0.3,5.3,
2,2019-1-24 9:08,2019-1-24 9:22,1,1.41,1,N,233,234,1,9.5,0,0.5,1.54,0,0.3,11.84,0
2,2019-1-26 6:18,2019-1-26 6:30,1,5.91,1,N,74,234,2,18,0,0.5,0,0,0.3,18.8,0
2,2019-1-9 21:00,2019-1-9 21:01,1,0,1,N,230,230,2,3,0.5,0.5,0,0,0.3,4.3,
2,2019-1-11 12:14,2019-1-11 12:19,1,0.82,1,N,143,142,2,5.5,0,0.5,0,0,0.3,6.3,
1,2019-1-31 16:02,2019-1-31 16:10,1,1.1,1,N,100,137,1,6.5,1,0.5,1.65,0,0.3,9.95,0
1,2019-1-21 18:04,2019-1-21 18:13,1,1.7,1,N,170,237,1,9,0,0.5,1.95,0,0.3,11.75,0
1,2019-1-12 7:57,2019-1-12 8:05,1,1.7,1,N,74,236,1,8,0,0.5,1,0,0.3,9.8,
2,2019-1-5 19:58,2019-1-5 20:07,1,0.8,1,N,234,107,1,6.5,0.5,0.5,0.78,0,0.3,8.58,
2,2019-1-18 7:11,2019-1-18 7:18,1,1.17,1,N,48,161,1,6.5,0,0.5,2.19,0,0.3,9.49,
1,2019-1-14 11:48,2019-1-14 11:52,1,0.6,1,N,163,161,1,4.5,0,0.5,1.3,0,0.3,6.6,
2,2019-1-27 16:37,2019-1-27 16:56,1,2.11,1,N,186,143,2,13,0,0.5,0,0,0.3,13.8,0
4,2019-1-1 21:45,2019-1-1 21:52,1,0.91,1,N,48,230,1,6.5,0.5,0.5,1.56,0,0.3,9.36,
2,2019-1-24 23:07,2019-1-24 23:13,1,0.99,1,N,164,162,1,6,0.5,0.5,1.46,0,0.3,8.76,0
2,2019-1-18 10:05,2019-1-18 10:18,1,1.11,1,N,233,107,2,9,0,0.5,0,0,0.3,9.8,
2,2019-1-19 17:31,2019-1-19 17:52,1,4.94,1,N,164,151,1,19,0,0.5,4.95,0,0.3,24.75,
2,2019-1-16 20:53,2019-1-16 20:57,1,0.88,1,N,263,140,1,5,0.5,0.5,1.58,0,0.3,7.88,
1,2019-1-22 12:59,2019-1-22 13:25,1,3,1,N,100,236,1,17,0,0.5,4.45,0,0.3,22.25,0
2,2019-1-21 20:08,2019-1-21 20:32,1,2.97,1,N,237,68,1,16,0.5,0.5,2,0,0.3,19.3,0
2,2019-1-28 19:06,2019-1-28 19:13,1,1.4,1,N,186,48,1,7.5,1,0.5,1.86,0,0.3,11.16,0
2,2019-1-15 12:41,2019-1-15 12:51,1,1.64,1,N,163,170,1,8.5,0,0.5,1.86,0,0.3,11.16,
2,2019-1-28 14:23,2019-1-28 14:30,1,1.15,1,N,237,162,2,7,0,0.5,0,0,0.3,7.8,0
2,2019-1-15 9:33,2019-1-15 9:48,1,1.49,1,N,163,233,1,10.5,0,0.5,2,0,0.3,13.3,
1,2019-1-6 11:02,2019-1-6 11:05,1,0.9,1,N,137,229,1,5,0,0.5,1.15,0,0.3,6.95,
2,2019-1-6 20:36,2019-1-6 20:42,1,0.95,1,N,170,186,2,6,0.5,0.5,0,0,0.3,7.3,
1,2019-1-16 12:33,2019-1-16 12:48,1,1.6,1,N,230,234,1,10.5,0,0.5,2.8,0,0.3,14.1,
1,2019-1-7 19:23,2019-1-7 19:26,1,0.6,1,N,114,249,1,4,1,0.5,1.7,0,0.3,7.5,
2,2019-1-20 18:15,2019-1-20 18:37,1,10.66,1,N,138,113,1,31.5,0,0.5,6.46,0,0.3,38.76,
1,2019-1-26 0:29,2019-1-26 0:33,1,0.7,1,N,161,161,2,4.5,0.5,0.5,0,0,0.3,5.8,0
2,2019-1-10 18:22,2019-1-10 18:36,1,1.83,1,N,161,143,1,10,1,0.5,1.2,0,0.3,13,
2,2019-1-10 9:15,2019-1-10 9:21,1,1.72,1,N,140,229,1,7.5,0,0.5,1.66,0,0.3,9.96,
2,2019-1-31 9:50,2019-1-31 9:54,1,0.57,1,N,236,236,2,5,0,0.5,0,0,0.3,5.8,0
2,2019-1-11 17:31,2019-1-11 17:48,1,3.75,1,N,13,48,1,15,1,0.5,3.36,0,0.3,20.16,
1,2019-1-16 15:34,2019-1-16 16:10,1,11.2,1,N,138,164,1,35,0,0.5,4,5.76,0.3,45.56,
1,2019-1-29 15:38,2019-1-29 15:51,1,2.6,1,N,143,68,1,12,0,0.5,2.55,0,0.3,15.35,0
1,2019-1-24 14:14,2019-1-24 14:25,1,2.2,1,N,41,236,1,10,0,0.5,1,0,0.3,11.8,0
1,2019-1-29 19:14,2019-1-29 19:32,1,2.5,1,N,262,151,2,13,1,0.5,0,0,0.3,14.8,0
1,2019-1-5 18:57,2019-1-5 19:06,1,2.6,1,N,238,74,1,9.5,1,0.5,2.83,0,0.3,14.13,
2,2019-1-30 20:57,2019-1-30 21:00,1,0.36,1,N,161,162,1,4,0.5,0.5,0,0,0.3,5.3,0
1,2019-1-8 1:56,2019-1-8 1:58,1,0.5,1,N,148,79,2,3.5,0.5,0.5,0,0,0.3,4.8,
1,2019-1-6 14:11,2019-1-6 14:32,1,2.6,1,N,262,161,2,14,0,0.5,0,0,0.3,14.8,
1,2019-1-14 18:15,2019-1-14 18:21,1,0.7,1,N,137,170,2,5.5,1,0.5,0,0,0.3,7.3,
2,2019-1-27 21:39,2019-1-27 21:51,1,2.33,1,N,114,164,2,10.5,0.5,0.5,0,0,0.3,11.8,0
2,2019-1-22 10:56,2019-1-22 11:19,1,3.07,1,N,163,43,1,15.5,0,0.5,3.26,0,0.3,19.56,0
2,2019-1-10 15:30,2019-1-10 16:03,1,13.12,1,N,138,79,1,37.5,0,0.5,8.81,5.76,0.3,52.87,
2,2019-1-12 1:12,2019-1-12 1:18,1,1.04,1,N,186,48,1,6,0.5,0.5,1,0,0.3,8.3,
2,2019-1-16 22:21,2019-1-16 22:34,1,2.75,1,N,263,238,1,11.5,0.5,0.5,2.56,0,0.3,15.36,
2,2019-1-18 11:50,2019-1-18 12:05,1,1.13,1,N,170,186,1,10,0,0.5,2.7,0,0.3,13.5,
2,2019-1-4 13:50,2019-1-4 13:56,1,1.04,1,N,239,50,1,6,0,0.5,1.7,0,0.3,8.5,
2,2019-1-6 7:45,2019-1-6 7:54,1,2.74,1,N,236,170,1,10,0,0.5,2.16,0,0.3,12.96,
2,2019-1-25 9:53,2019-1-25 10:05,1,1.11,1,N,186,170,1,9,0,0.5,2.45,0,0.3,12.25,0
2,2019-1-6 12:36,2019-1-6 12:45,1,0.55,1,N,48,230,2,7,0,0.5,0,0,0.3,7.8,
1,2019-1-31 22:07,2019-1-31 22:17,1,1.9,1,N,163,246,1,8.5,0.5,0.5,2,0,0.3,11.8,0
1,2019-1-17 10:02,2019-1-17 10:18,1,2.2,1,N,162,142,1,12.5,0,0.5,2.65,0,0.3,15.95,
2,2019-1-24 8:03,2019-1-24 8:13,1,0.82,1,N,230,161,1,7,0,0.5,1.56,0,0.3,9.36,0
1,2019-1-14 14:17,2019-1-14 14:27,1,1.6,1,N,142,236,1,9,0,0.5,1.95,0,0.3,11.75,
1,2019-1-5 3:59,2019-1-5 4:01,1,0,1,N,162,170,2,3.5,0.5,0.5,0,0,0.3,4.8,
1,2019-1-8 22:33,2019-1-8 22:40,1,1.1,1,N,230,233,1,6.5,0.5,0.5,1,0,0.3,8.8,
1,2019-1-16 10:28,2019-1-16 10:39,1,2.1,1,N,236,140,1,9.5,0,0.5,1.24,0,0.3,11.54,
1,2019-1-5 20:02,2019-1-5 20:23,1,2.1,1,N,237,90,1,13.5,0.5,0.5,2.95,0,0.3,17.75,
2,2019-1-24 0:22,2019-1-24 0:28,1,1.11,1,N,88,231,1,6,0.5,0.5,1.46,0,0.3,8.76,0
1,2019-1-18 18:15,2019-1-18 18:20,1,0.5,1,N,238,151,1,5,1,0.5,1.35,0,0.3,8.15,
1,2019-1-5 17:59,2019-1-5 18:42,1,10.8,1,N,138,50,1,38,0,0.5,5.82,0,0.3,44.62,
2,2019-1-10 23:28,2019-1-10 23:39,1,1.15,1,N,161,233,1,8,0.5,0.5,1.4,0,0.3,10.7,
2,2019-1-14 17:35,2019-1-14 17:42,1,1.02,1,N,162,170,1,6.5,1,0.5,1.66,0,0.3,9.96,
2,2019-1-12 12:07,2019-1-12 12:20,1,2.17,1,N,229,186,1,10.5,0,0.5,2.26,0,0.3,13.56,
2,2019-1-7 20:16,2019-1-7 20:29,1,2.02,1,N,249,107,1,10.5,0.5,0.5,2.36,0,0.3,14.16,
1,2019-1-18 6:18,2019-1-18 6:21,1,0.8,1,N,48,163,1,4.5,0,0.5,1.05,0,0.3,6.35,
2,2019-1-4 9:08,2019-1-4 9:18,1,0.86,1,N,186,170,1,7.5,0,0.5,1.66,0,0.3,9.96,
2,2019-1-19 19:47,2019-1-19 19:52,1,0.58,1,N,113,234,2,4.5,0,0.5,0,0,0.3,5.3,
2,2019-1-8 13:45,2019-1-8 14:02,1,3.25,1,N,43,233,1,13.5,0,0.5,2.86,0,0.3,17.16,
2,2019-1-6 2:08,2019-1-6 2:14,1,1.17,1,N,68,186,1,6,0.5,0.5,1.46,0,0.3,8.76,
1,2019-1-12 6:25,2019-1-12 6:32,1,0.9,1,N,45,231,1,6.5,0,0.5,1.8,0,0.3,9.1,
1,2019-1-28 8:59,2019-1-28 9:08,1,0.7,1,N,162,100,1,7,0,0.5,1.55,0,0.3,9.35,0
1,2019-1-29 19:53,2019-1-29 20:02,1,3.4,1,Y,238,50,1,11.5,1,0.5,2.65,0,0.3,15.95,0
1,2019-1-26 19:12,2019-1-26 19:24,1,2.4,1,N,142,41,1,11,0,0.5,0.83,0,0.3,12.63,0
2,2019-1-26 7:55,2019-1-26 7:58,1,0.57,1,N,239,142,2,4.5,0,0.5,0,0,0.3,5.3,0
1,2019-1-13 11:05,2019-1-13 11:13,1,1.1,1,N,107,90,1,7,0,0.5,1,0,0.3,8.8,
2,2019-1-25 19:06,2019-1-25 19:13,1,1.13,1,N,161,170,1,6.5,1,0.5,1.66,0,0.3,9.96,0
1,2019-1-27 22:25,2019-1-27 22:34,1,1.5,1,N,114,231,1,8,0.5,0.5,1.85,0,0.3,11.15,0
2,2019-1-26 19:32,2019-1-26 19:49,1,7.62,1,N,142,244,1,23,0,0.5,4.76,0,0.3,28.56,0
2,2019-1-5 13:28,2019-1-5 13:32,1,0.69,1,N,161,43,1,5,0,0.5,1.16,0,0.3,6.96,
1,2019-1-29 16:45,2019-1-29 16:45,1,0,1,Y,186,264,2,9,1,0.5,0,0,0.3,10.8,0
2,2019-1-7 11:12,2019-1-7 11:26,1,2.09,1,N,164,246,1,10.5,0,0.5,2.82,0,0.3,14.12,
2,2019-1-29 17:55,2019-1-29 18:12,1,3.07,1,N,237,151,2,13,1,0.5,0,0,0.3,14.8,0
2,2019-1-15 11:01,2019-1-15 11:37,1,17.27,2,N,132,170,1,52,0,0.5,11.71,5.76,0.3,70.27,
1,2019-1-16 17:21,2019-1-16 17:36,1,4.3,1,N,231,143,1,15,1,0.5,3.35,0,0.3,20.15,
2,2019-1-28 18:48,2019-1-28 19:03,1,2.12,1,N,170,236,1,11.5,1,0.5,2.66,0,0.3,15.96,0
1,2019-1-25 21:26,2019-1-25 21:55,1,3.8,1,N,142,79,1,19.5,0.5,0.5,2,0,0.3,22.8,0
1,2019-1-25 11:29,2019-1-25 11:39,1,0.8,1,N,114,158,1,7.5,0,0.5,1,0,0.3,9.3,0
2,2019-1-15 17:14,2019-1-15 17:24,1,1.88,1,N,261,249,1,9,1,0.5,2.7,0,0.3,13.5,
2,2019-1-18 19:21,2019-1-18 19:28,1,1.8,1,N,263,74,1,7.5,1,0.5,2,0,0.3,11.3,
2,2019-1-24 14:43,2019-1-24 14:50,1,0.81,1,N,142,239,1,6,0,0.5,1.36,0,0.3,8.16,0
2,2019-1-19 19:15,2019-1-19 19:24,1,1.38,1,N,161,234,1,7.5,0,0.5,2.08,0,0.3,10.38,
2,2019-1-25 0:46,2019-1-25 1:04,1,5.81,1,N,229,116,1,18,0.5,0.5,3,0,0.3,22.3,0
2,2019-1-29 9:29,2019-1-29 10:33,1,11.39,1,N,168,261,1,45,0,0.5,0,5.76,0.3,51.56,0
2,2019-1-3 20:33,2019-1-3 20:40,1,1.42,1,N,233,107,1,7,0.5,0.5,1,0,0.3,9.3,
1,2019-1-13 7:48,2019-1-13 7:56,1,0.6,1,N,100,246,1,6.5,0,0.5,1.45,0,0.3,8.75,
2,2019-1-26 0:42,2019-1-26 1:09,1,9.04,1,N,249,89,1,29,0.5,0.5,7.58,0,0.3,37.88,0
1,2019-1-14 12:43,2019-1-14 12:57,1,1.6,1,N,142,161,1,10,0,0.5,2.15,0,0.3,12.95,
2,2019-1-31 18:22,2019-1-31 18:35,1,2.59,1,N,142,151,1,11,1,0.5,2.56,0,0.3,15.36,0
2,2019-1-24 7:23,2019-1-24 7:39,1,4.95,1,N,162,209,2,17,0,0.5,0,0,0.3,17.8,0
2,2019-1-31 11:44,2019-1-31 11:52,1,0.77,1,N,164,234,1,6.5,0,0.5,1.46,0,0.3,8.76,0
1,2019-1-16 8:27,2019-1-16 8:33,1,0.7,1,N,162,229,1,5.5,0,0.5,1.55,0,0.3,7.85,
1,2019-1-1 0:50,2019-1-1 1:07,1,2.3,1,N,68,79,2,12.5,0.5,0.5,0,0,0.3,13.8,
2,2019-1-13 10:44,2019-1-13 10:53,1,2.71,1,N,170,263,1,10,0,0.5,1,0,0.3,11.8,
2,2019-1-23 8:45,2019-1-23 8:54,1,0.62,1,N,161,230,1,6.5,0,0.5,2.19,0,0.3,9.49,0
2,2019-1-3 21:41,2019-1-3 21:47,1,1.27,1,N,141,140,1,6.5,0.5,0.5,1.56,0,0.3,9.36,
1,2019-1-17 17:02,2019-1-17 17:08,1,0.9,1,N,236,237,1,6,1,0.5,1,0,0.3,8.8,
1,2019-1-12 23:31,2019-1-12 23:39,1,1,1,N,264,264,2,7,0.5,0.5,0,0,0.3,8.3,
1,2019-1-8 19:08,2019-1-8 19:14,1,1.2,1,N,239,236,2,6.5,1,0.5,0,0,0.3,8.3,
1,2019-1-17 16:44,2019-1-17 17:02,1,5.3,1,N,98,56,1,18,1,0.5,0,0,0.3,19.8,
1,2019-1-11 14:44,2019-1-11 15:05,1,1,1,N,163,161,1,13.5,0,0.5,2.85,0,0.3,17.15,
1,2019-1-7 13:34,2019-1-7 13:57,1,4.6,1,N,141,42,1,18,0,0.5,3.75,0,0.3,22.55,
2,2019-1-11 6:39,2019-1-11 6:49,1,2.22,1,N,68,161,1,9.5,0,0.5,2.06,0,0.3,12.36,
2,2019-1-22 11:11,2019-1-22 11:27,1,1.98,1,N,164,142,1,11.5,0,0.5,1,0,0.3,13.3,0
2,2019-1-1 17:46,2019-1-1 17:57,1,1.97,1,N,237,142,1,9.5,0,0.5,1,0,0.3,11.3,
1,2019-1-30 22:32,2019-1-30 22:43,1,2,1,N,161,239,1,10,0.5,0.5,2.25,0,0.3,13.55,0
1,2019-1-19 13:32,2019-1-19 13:47,1,3.1,1,N,236,164,1,12.5,0,0.5,2.65,0,0.3,15.95,
1,2019-1-28 6:28,2019-1-28 6:29,1,0.4,1,N,68,68,1,3.5,0,0.5,0.85,0,0.3,5.15,0
2,2019-1-29 20:33,2019-1-29 21:00,1,16.53,2,N,132,170,1,52,0,0.5,3,5.76,0.3,61.56,0
2,2019-1-14 16:48,2019-1-14 17:29,1,10.41,1,N,138,161,1,36.5,1,0.5,8.81,5.76,0.3,52.87,
2,2019-1-10 20:15,2019-1-10 20:29,1,2.81,1,N,170,236,1,12,0.5,0.5,2.66,0,0.3,15.96,
2,2019-1-10 11:34,2019-1-10 11:38,1,0.69,1,N,164,234,2,5,0,0.5,0,0,0.3,5.8,
2,2019-1-20 8:00,2019-1-20 8:02,1,0.73,1,N,239,142,1,4,0,0.5,1.44,0,0.3,6.24,
2,2019-1-2 21:53,2019-1-2 21:58,1,1.05,1,N,234,158,1,5.5,0.5,0.5,1.36,0,0.3,8.16,
1,2019-1-13 11:45,2019-1-13 11:52,1,1.5,1,N,48,68,1,7,0,0.5,1.55,0,0.3,9.35,
2,2019-1-8 19:57,2019-1-8 20:01,1,0.6,1,N,262,262,1,5,0.5,0.5,1.26,0,0.3,7.56,
1,2019-1-3 16:48,2019-1-3 16:53,1,0.9,1,N,234,107,1,5,1,0.5,1.35,0,0.3,8.15,
2,2019-1-16 19:29,2019-1-16 19:41,1,1.98,1,N,48,143,1,10,1,0.5,2.36,0,0.3,14.16,
2,2019-1-27 10:56,2019-1-27 11:09,1,2.04,1,N,107,45,2,11,0,0.5,0,0,0.3,11.8,0
2,2019-1-2 21:49,2019-1-2 22:00,1,2.12,1,N,238,143,2,9,0.5,0.5,0,0,0.3,10.3,
2,2019-1-21 18:34,2019-1-21 18:43,1,1.42,1,N,141,142,1,8,0,0.5,1.76,0,0.3,10.56,0
2,2019-1-2 8:30,2019-1-2 9:15,1,17.19,2,N,132,234,1,52,0,0.5,11.71,5.76,0.3,70.27,
1,2019-1-28 12:10,2019-1-28 12:19,1,0.5,1,N,140,141,1,7,0,0.5,1.17,0,0.3,8.97,0
2,2019-1-14 20:28,2019-1-14 20:32,1,0.58,1,N,142,142,1,5,0.5,0.5,1.89,0,0.3,8.19,
1,2019-1-24 20:46,2019-1-24 20:57,1,2.2,1,N,170,142,1,9.5,0.5,0.5,2.7,0,0.3,13.5,0
1,2019-1-25 9:01,2019-1-25 9:11,1,0.8,1,N,137,164,1,7.5,0,0.5,2,0,0.3,10.3,0
1,2019-1-23 23:06,2019-1-23 23:13,1,2.5,1,N,142,236,2,9,0.5,0.5,0,0,0.3,10.3,0
2,2019-1-31 15:04,2019-1-31 15:23,1,2.49,1,N,246,161,1,13,0,0.5,1.25,0,0.3,15.05,0
2,2019-1-14 19:14,2019-1-14 19:40,1,7.51,1,N,261,236,1,25,1,0.5,5.36,0,0.3,32.16,
2,2019-1-23 13:55,2019-1-23 14:30,1,3.45,1,N,164,231,1,22,0,0.5,2.5,0,0.3,25.3,0
2,2019-1-25 22:13,2019-1-25 22:25,1,6.56,1,N,138,80,1,19.5,0.5,0.5,6.24,0,0.3,27.04,0
2,2019-1-23 0:03,2019-1-23 0:17,1,2.55,1,N,151,42,1,12,0.5,0.5,2,0,0.3,15.3,0
1,2019-1-29 16:12,2019-1-29 16:17,1,0.7,1,N,141,262,2,5.5,1,0.5,0,0,0.3,7.3,0
2,2019-1-13 8:58,2019-1-13 9:06,1,2.1,1,N,48,158,2,8.5,0,0.5,0,0,0.3,9.3,
2,2019-1-21 8:31,2019-1-21 8:45,1,2.81,1,N,246,229,1,12,0,0.5,2,0,0.3,14.8,0
2,2019-1-19 18:15,2019-1-19 18:27,1,1.29,1,N,100,90,2,9,0,0.5,0,0,0.3,9.8,
2,2019-1-3 11:17,2019-1-3 11:45,1,8.5,5,N,95,140,1,25.74,0,0.5,0,0,0.3,26.54,
2,2019-1-16 13:05,2019-1-16 13:30,1,9,1,N,186,138,2,29,0,0.5,0,5.76,0.3,35.56,
1,2019-1-8 8:58,2019-1-8 9:02,1,0.5,1,N,161,230,2,4.5,0,0.5,0,0,0.3,5.3,
2,2019-1-21 13:38,2019-1-21 13:41,1,0.9,1,N,140,263,1,5,0,0.5,1.74,0,0.3,7.54,0
2,2019-1-14 18:39,2019-1-14 18:41,1,0.52,1,N,238,238,1,3.5,1,0.5,1,0,0.3,6.3,
2,2019-1-28 16:47,2019-1-28 17:01,1,1.63,1,N,236,151,2,10,1,0.5,0,0,0.3,11.8,0
1,2019-1-11 18:24,2019-1-11 18:27,1,0.4,1,N,229,162,1,4,1,0.5,1.15,0,0.3,6.95,
2,2019-1-19 9:32,2019-1-19 9:43,1,1.83,1,N,262,162,1,9.5,0,0.5,2,0,0.3,12.3,
2,2019-1-20 18:03,2019-1-20 18:13,1,1.24,1,N,48,164,2,7.5,0,0.5,0,0,0.3,8.3,
1,2019-1-6 20:41,2019-1-6 20:47,1,1.4,1,N,170,79,1,6.5,0.5,0.5,1,0,0.3,8.8,
2,2019-1-17 13:29,2019-1-17 13:29,1,0,5,N,264,11,3,-0.01,0,0,0,0,-0.3,-0.31,
1,2019-1-14 15:48,2019-1-14 15:48,1,0,1,Y,141,264,2,2.5,0,0.5,0,0,0.3,3.3,
1,2019-1-5 15:25,2019-1-5 15:54,1,4.3,1,N,114,236,2,20.5,0,0.5,0,0,0.3,21.3,
2,2019-1-17 19:56,2019-1-17 20:03,1,1.16,1,N,68,230,1,6.5,1,0.5,2.08,0,0.3,10.38,
1,2019-1-29 9:54,2019-1-29 10:05,1,1,1,N,100,164,1,8,0,0.5,1.75,0,0.3,10.55,0
2,2019-1-10 8:22,2019-1-10 8:26,1,0.58,1,N,143,50,1,5,0,0.5,1.16,0,0.3,6.96,
1,2019-1-4 20:54,2019-1-4 20:59,1,0.7,1,N,234,170,1,5,0.5,0.5,1.55,0,0.3,7.85,
2,2019-1-18 21:01,2019-1-18 21:48,1,5.46,1,N,140,50,2,29.5,0.5,0.5,0,0,0.3,30.8,
1,2019-1-17 8:51,2019-1-17 9:03,1,2.7,1,N,13,68,1,11.5,0,0.5,3.65,0,0.3,15.95,
1,2019-1-30 20:44,2019-1-30 21:01,1,2.9,1,N,263,143,1,13,0.5,0.5,2.85,0,0.3,17.15,0
2,2019-1-2 8:26,2019-1-2 8:34,1,1.37,1,N,162,107,1,7.5,0,0.5,1.2,0,0.3,9.5,
1,2019-1-9 19:29,2019-1-9 19:32,1,0.9,1,N,143,239,2,5,0.5,0.5,0,0,0.3,6.3,
1,2019-1-23 11:49,2019-1-23 11:57,1,0.7,1,N,263,141,1,6.5,0,0.5,1.1,0,0.3,8.4,0
1,2019-1-17 12:39,2019-1-17 12:56,1,5.6,1,N,236,244,1,19.5,0,0.5,4.05,0,0.3,24.35,
1,2019-1-30 9:56,2019-1-30 10:01,1,0.7,1,N,164,234,1,5,0,0.5,1.15,0,0.3,6.95,0
2,2019-1-15 16:58,2019-1-15 17:09,1,1.71,1,N,239,43,1,9,1,0.5,2.16,0,0.3,12.96,
2,2019-1-17 14:31,2019-1-17 15:11,1,10.77,1,N,211,138,1,35.5,0,0.5,7.26,0,0.3,43.56,
1,2019-1-26 20:49,2019-1-26 20:52,1,0.6,1,N,141,237,1,4.5,0.5,0.5,1,0,0.3,6.8,0
1,2019-1-15 12:36,2019-1-15 13:14,1,18.1,3,N,170,1,1,70.5,0,0,5,10.5,0.3,86.3,
2,2019-1-11 8:35,2019-1-11 8:39,1,0.32,1,N,162,161,2,4.5,0,0.5,0,0,0.3,5.3,
1,2019-1-21 22:54,2019-1-21 23:06,1,2.3,1,N,234,50,2,10.5,0.5,0.5,0,0,0.3,11.8,0
1,2019-1-12 21:09,2019-1-12 21:20,1,5.5,1,N,263,79,1,17,0.5,0.5,3,0,0.3,21.3,
1,2019-1-15 14:55,2019-1-15 15:01,1,0.3,1,N,163,161,1,5,0,0.5,1.15,0,0.3,6.95,
1,2019-1-12 18:59,2019-1-12 19:12,1,0.9,1,N,79,90,1,9,0,0.5,0.98,0,0.3,10.78,
2,2019-1-30 7:51,2019-1-30 7:57,1,1.08,1,N,234,113,1,6,0,0.5,1.36,0,0.3,8.16,0
2,2019-1-22 11:55,2019-1-22 12:25,1,2.86,1,N,161,43,1,19.5,0,0.5,4.06,0,0.3,24.36,0
2,2019-1-14 7:31,2019-1-14 7:33,1,0.74,1,N,229,170,2,4,0,0.5,0,0,0.3,4.8,
2,2019-1-18 18:24,2019-1-18 18:29,1,0.93,1,N,74,74,2,6,1,0.5,0,0,0.3,7.8,
1,2019-1-11 15:49,2019-1-11 16:35,1,13.8,1,N,132,260,1,42.5,1,0.5,8.85,0,0.3,53.15,
1,2019-1-13 13:17,2019-1-13 13:26,1,1.1,1,N,107,114,1,7.5,0,0.5,1.65,0,0.3,9.95,
2,2019-1-10 12:40,2019-1-10 12:54,1,1.67,1,N,262,237,1,10,0,0.5,2.16,0,0.3,12.96,
2,2019-1-22 11:52,2019-1-22 12:24,1,0,99,N,193,193,2,2.5,0.8,0.5,0,0,0,3.8,0
1,2019-1-8 15:40,2019-1-8 15:54,1,2,1,N,161,107,1,10.5,0,0.5,1.13,0,0.3,12.43,
1,2019-1-16 8:45,2019-1-16 8:52,1,0.7,1,N,237,237,1,6.5,0,0.5,1.45,0,0.3,8.75,
2,2019-1-1 21:32,2019-1-1 21:42,1,2.24,1,N,230,90,1,9.5,0.5,0.5,2.7,0,0.3,13.5,
2,2019-1-19 1:04,2019-1-19 1:12,1,0.81,1,N,189,49,2,7,0.5,0.5,0,0,0.3,8.3,
2,2019-1-20 15:37,2019-1-20 15:43,1,0.8,1,N,211,79,1,6,0,0.5,1.36,0,0.3,8.16,
2,2019-1-8 5:12,2019-1-8 5:27,1,5.07,1,N,107,112,1,17,0.5,0.5,3.66,0,0.3,21.96,
2,2019-1-22 18:09,2019-1-22 18:16,1,0.48,1,N,162,170,1,6,1,0.5,1.56,0,0.3,9.36,0
2,2019-1-24 15:52,2019-1-24 17:09,1,17.15,2,N,237,132,1,52,0,0.5,10,5.76,0.3,68.56,0
1,2019-1-31 2:19,2019-1-31 2:26,1,1,1,N,230,230,1,6,0.5,0.5,1.45,0,0.3,8.75,0
1,2019-1-12 17:20,2019-1-12 17:27,1,1.1,1,N,249,68,2,6.5,0,0.5,0,0,0.3,7.3,
2,2019-1-13 10:54,2019-1-13 11:00,1,1.18,1,N,261,144,1,6.5,0,0.5,1.46,0,0.3,8.76,
2,2019-1-22 18:46,2019-1-22 19:03,1,2.34,1,N,143,186,1,12,1,0.5,3.45,0,0.3,17.25,0
2,2019-1-16 11:33,2019-1-16 11:49,1,2.86,1,N,186,239,1,13,0,0.5,2.76,0,0.3,16.56,
1,2019-1-7 7:33,2019-1-7 7:44,1,1.2,1,N,74,41,1,8.5,0,0.5,1.85,0,0.3,11.15,
1,2019-1-5 14:51,2019-1-5 14:53,1,0.3,1,N,141,141,1,3.5,0,0.5,0.85,0,0.3,5.15,
2,2019-1-1 2:01,2019-1-1 2:03,1,0.05,1,N,79,79,2,3.5,0.5,0.5,0,0,0.3,4.8,
1,2019-1-4 14:12,2019-1-4 14:18,1,0.8,1,N,140,237,1,5.5,0,0.5,1.25,0,0.3,7.55,
1,2019-1-12 14:02,2019-1-12 14:20,1,3.7,1,N,237,4,1,15.5,0,0.5,3.25,0,0.3,19.55,
2,2019-1-14 6:23,2019-1-14 6:27,1,0.77,1,N,137,234,2,5,0,0.5,0,0,0.3,5.8,
1,2019-1-26 11:56,2019-1-26 12:05,1,1,1,N,161,50,1,7.5,0,0.5,1.65,0,0.3,9.95,0
1,2019-1-31 8:05,2019-1-31 8:11,1,0.8,1,N,100,230,2,5.5,0,0.5,0,0,0.3,6.3,0
2,2019-1-22 1:08,2019-1-22 1:35,1,19.65,2,N,132,79,1,52,0,0.5,10.56,0,0.3,63.36,0
1,2019-1-24 23:33,2019-1-24 23:48,1,3.6,1,N,141,68,1,14,0.5,0.5,3.05,0,0.3,18.35,0
2,2019-1-4 12:43,2019-1-4 12:50,1,0.89,1,N,162,140,1,6,0,0.5,1,0,0.3,7.8,
2,2019-1-20 14:09,2019-1-20 14:18,1,1.59,1,N,142,230,2,7.5,0,0.5,0,0,0.3,8.3,
1,2019-1-25 13:20,2019-1-25 13:46,1,4.6,1,N,87,100,1,20,0,0.5,1,0,0.3,21.8,0
2,2019-1-24 13:51,2019-1-24 14:05,1,0.98,1,N,186,161,1,9.5,0,0.5,3.09,0,0.3,13.39,0
1,2019-1-22 11:26,2019-1-22 11:49,1,7.5,1,N,244,161,1,25.5,0,0.5,5,0,0.3,31.3,0
1,2019-1-5 16:36,2019-1-5 16:53,1,2.1,1,N,162,143,1,12,0,0.5,3.8,0,0.3,16.6,
1,2019-1-6 18:58,2019-1-6 19:40,1,23.5,1,N,132,220,1,64,0,0.5,14,5.76,0.3,84.56,
1,2019-1-11 15:01,2019-1-11 15:19,1,2.2,1,N,162,263,2,12.5,0,0.5,0,0,0.3,13.3,
2,2019-1-4 18:35,2019-1-4 18:54,1,3.01,1,N,162,79,1,14.5,1,0.5,3.26,0,0.3,19.56,
2,2019-1-26 8:10,2019-1-26 8:20,1,2.46,1,N,41,239,2,10,0,0.5,0,0,0.3,10.8,0
2,2019-1-23 11:48,2019-1-23 11:55,1,0.71,1,N,234,90,1,6,0,0.5,1.7,0,0.3,8.5,0
2,2019-1-27 17:39,2019-1-27 17:55,1,1.75,1,N,107,186,1,11.5,0,0.5,0,0,0.3,12.3,0
1,2019-1-31 11:15,2019-1-31 11:35,1,2.9,1,N,143,186,2,14.5,0,0.5,0,0,0.3,15.3,0
1,2019-1-6 4:42,2019-1-6 4:46,1,0.6,1,N,236,262,1,5,0.5,0.5,0.63,0,0.3,6.93,
4,2019-1-29 11:09,2019-1-29 11:21,1,2.35,1,N,13,45,2,11.5,0,0.5,0,0,0.3,12.3,0
2,2019-1-8 19:47,2019-1-8 19:58,1,1.63,1,N,164,229,1,9,0.5,0.5,3.09,0,0.3,13.39,
2,2019-1-23 8:16,2019-1-23 8:27,1,1.16,1,N,238,75,1,8,0,0.5,1,0,0.3,9.8,0
1,2019-1-12 1:25,2019-1-12 1:30,1,0.4,1,N,79,79,3,5,0.5,0.5,0,0,0.3,6.3,
2,2019-1-14 15:10,2019-1-14 15:30,1,2.54,1,N,236,143,1,14.5,0,0.5,3.06,0,0.3,18.36,
2,2019-1-21 2:15,2019-1-21 2:21,1,1.25,1,N,186,48,1,6.5,0.5,0.5,2.34,0,0.3,10.14,0
1,2019-1-11 1:29,2019-1-11 1:32,1,0.7,1,N,137,170,1,4.5,0.5,0.5,0.87,0,0.3,6.67,
1,2019-1-8 13:11,2019-1-8 13:22,1,1.2,1,N,43,236,1,8.5,0,0.5,1.85,0,0.3,11.15,
1,2019-1-9 15:02,2019-1-9 15:12,1,1.1,1,N,170,162,1,7.5,0,0.5,1.65,0,0.3,9.95,
2,2019-1-5 9:50,2019-1-5 9:53,1,0.67,1,N,236,263,1,4.5,0,0.5,2,0,0.3,7.3,
2,2019-1-3 13:15,2019-1-3 13:19,1,0.93,1,N,238,238,2,5.5,0,0.5,0,0,0.3,6.3,
1,2019-1-28 0:12,2019-1-28 0:16,1,0.8,1,N,226,146,1,5,0.5,0.5,1,0,0.3,7.3,0
1,2019-1-28 19:58,2019-1-28 20:04,1,0.8,1,N,230,142,1,6,0.5,0.5,1,0,0.3,8.3,0
2,2019-1-1 1:24,2019-1-1 1:41,1,2.94,1,N,141,239,2,12.5,0.5,0.5,0,0,0.3,13.8,
1,2019-1-14 22:44,2019-1-14 23:07,1,5.1,1,N,48,112,2,20,0.5,0.5,0,0,0.3,21.3,
2,2019-1-10 11:15,2019-1-10 11:26,1,1.25,1,N,170,161,1,8.5,0,0.5,1.86,0,0.3,11.16,
1,2019-1-2 23:17,2019-1-2 23:36,1,6.1,1,N,114,238,1,21.5,0.5,0.5,2.28,0,0.3,25.08,
2,2019-1-15 17:17,2019-1-15 17:22,1,0.61,1,N,238,238,1,5,1,0.5,1.02,0,0.3,7.82,
1,2019-1-21 18:13,2019-1-21 18:20,1,1.3,1,N,162,141,1,7.5,0,0.5,2.05,0,0.3,10.35,0
2,2019-1-27 13:18,2019-1-27 14:06,1,21.93,2,N,132,68,1,52,0,0.5,11.71,5.76,0.3,70.27,0
2,2019-1-24 11:54,2019-1-24 11:59,1,0.87,1,N,52,33,1,5,0,0.5,1.5,0,0.3,7.3,0
2,2019-1-16 15:48,2019-1-16 16:38,1,17.9,5,N,161,1,1,90,0,0.5,15,19.5,0.3,125.3,
2,2019-1-15 14:13,2019-1-15 14:51,1,10.03,1,N,246,138,1,35.5,0,0.5,5,5.76,0.3,47.06,
1,2019-1-12 5:28,2019-1-12 5:31,1,0.6,1,N,148,232,1,4.5,0.5,0.5,1.15,0,0.3,6.95,
2,2019-1-28 6:12,2019-1-28 6:22,1,3.27,1,N,186,140,1,11.5,0,0.5,2.46,0,0.3,14.76,0
1,2019-1-17 7:46,2019-1-17 7:58,1,1.5,1,N,4,79,1,9.5,0,0.5,2,0,0.3,12.3,
1,2019-1-3 20:29,2019-1-3 20:37,1,1,1,N,186,48,1,7,0.5,0.5,1.65,0,0.3,9.95,
2,2019-1-10 18:31,2019-1-10 18:42,1,1.65,1,N,163,141,1,9,1,0.5,2.7,0,0.3,13.5,
2,2019-1-1 17:10,2019-1-1 17:20,1,2.15,1,N,262,229,1,10,0,0.5,2.16,0,0.3,12.96,
2,2019-1-26 22:26,2019-1-26 22:45,1,2.68,1,N,249,163,1,13.5,0.5,0.5,2.96,0,0.3,17.76,0
2,2019-1-18 13:33,2019-1-18 13:39,1,1.06,1,N,142,237,1,6,0,0.5,1.36,0,0.3,8.16,
1,2019-1-3 20:33,2019-1-3 20:53,1,2.9,1,N,237,113,2,14,0.5,0.5,0,0,0.3,15.3,
2,2019-1-7 23:28,2019-1-7 23:35,1,1.04,1,N,79,148,2,6.5,0.5,0.5,0,0,0.3,7.8,
2,2019-1-14 9:52,2019-1-14 10:00,1,1.88,1,N,140,229,2,8.5,0,0.5,0,0,0.3,9.3,
1,2019-1-2 21:44,2019-1-2 21:58,1,2,1,N,181,228,1,11,0.5,0.5,2.45,0,0.3,14.75,
2,2019-1-10 7:19,2019-1-10 7:38,1,6.43,1,N,13,162,1,22,0,0.5,4.56,0,0.3,27.36,
2,2019-1-24 16:44,2019-1-24 16:47,1,0.37,1,N,141,140,1,4,1,0.5,0.87,0,0.3,6.67,0
1,2019-1-18 11:32,2019-1-18 11:44,1,0.8,1,N,158,249,2,8.5,0,0.5,0,0,0.3,9.3,
1,2019-1-14 13:32,2019-1-14 13:42,1,1.4,1,N,229,164,1,8,0,0.5,1.75,0,0.3,10.55,
2,2019-1-30 14:26,2019-1-30 14:34,1,0.6,1,N,100,170,1,6.5,0,0.5,1.46,0,0.3,8.76,0
2,2019-1-26 20:08,2019-1-26 20:18,1,0.67,1,N,125,144,1,7.5,0.5,0.5,2.64,0,0.3,11.44,0
1,2019-1-6 16:14,2019-1-6 16:28,1,6.6,2,N,134,132,1,52,0,0.5,14.6,5.76,0.3,73.16,
1,2019-1-18 7:46,2019-1-18 7:54,1,1.2,1,N,234,161,1,7,0,0.5,0.78,0,0.3,8.58,
2,2019-1-22 12:33,2019-1-22 13:18,1,5.8,1,N,161,231,1,30,0,0.5,4.62,0,0.3,35.42,0
1,2019-1-11 16:53,2019-1-11 17:09,1,2.5,1,N,143,236,1,12.5,1,0.5,2.85,0,0.3,17.15,
2,2019-1-30 14:56,2019-1-30 15:10,1,1.65,1,N,113,137,2,10.5,0,0.5,0,0,0.3,11.3,0
2,2019-1-2 14:18,2019-1-2 14:34,1,9.12,1,N,138,140,2,26,0,0.5,0,5.76,0.3,32.56,
1,2019-1-30 1:13,2019-1-30 1:33,1,6.9,1,N,231,238,1,22,0.5,0.5,5,0,0.3,28.3,0
1,2019-1-17 14:22,2019-1-17 14:27,1,0.9,1,N,236,236,1,6,0,0.5,0.68,0,0.3,7.48,
1,2019-1-15 10:57,2019-1-15 11:06,1,1.4,1,N,100,249,1,8,0,0.5,1,0,0.3,9.8,
1,2019-1-13 21:49,2019-1-13 21:59,1,1.6,1,N,234,230,1,8.5,0.5,0.5,3,0,0.3,12.8,
2,2019-1-24 13:30,2019-1-24 13:44,1,0.97,1,N,237,161,2,9.5,0,0.5,0,0,0.3,10.3,0
1,2019-1-16 9:07,2019-1-16 9:15,1,1.1,1,N,262,140,1,7,0,0.5,1.55,0,0.3,9.35,
1,2019-1-17 18:31,2019-1-17 19:12,1,9.6,1,N,246,255,1,33,1,0.5,6,0,0.3,40.8,
2,2019-1-28 9:53,2019-1-28 9:55,1,0.45,1,N,142,142,1,4,0,0.5,1,0,0.3,5.8,0
2,2019-1-14 10:58,2019-1-14 11:22,1,9.12,1,N,138,230,1,29,0,0.5,7.11,5.76,0.3,42.67,
1,2019-1-25 22:04,2019-1-25 22:31,1,4,1,N,239,107,1,19.5,0.5,0.5,3.12,0,0.3,23.92,0
2,2019-1-21 12:02,2019-1-21 12:29,1,4.16,1,N,166,100,1,19,0,0.5,3.96,0,0.3,23.76,0
1,2019-1-22 21:58,2019-1-22 22:13,1,3.2,1,N,48,141,1,12.5,0.5,0.5,2.07,0,0.3,15.87,0
2,2019-1-28 7:37,2019-1-28 7:43,1,0.84,1,N,79,137,2,5.5,0,0.5,0,0,0.3,6.3,0
2,2019-1-16 9:21,2019-1-16 9:29,1,1.09,1,N,170,234,1,7,0,0.5,2.34,0,0.3,10.14,
1,2019-1-16 17:55,2019-1-16 18:07,1,2.4,1,N,43,237,2,10.5,1,0.5,0,0,0.3,12.3,
1,2019-1-28 9:20,2019-1-28 9:38,1,1,1,N,74,75,2,11.5,0,0.5,0,0,0.3,12.3,0
1,2019-1-28 18:33,2019-1-28 18:37,1,0.5,1,N,239,239,1,4.5,1,0.5,1.55,0,0.3,7.85,0
2,2019-1-10 5:43,2019-1-10 5:45,1,0.43,1,N,140,140,1,3.5,0.5,0.5,0.72,0,0.3,5.52,
2,2019-1-22 8:59,2019-1-22 9:06,1,1.83,1,N,48,239,1,8,0,0.5,1.75,0,0.3,10.55,0
1,2019-1-31 17:16,2019-1-31 17:24,1,1.2,1,N,100,163,1,7.5,1,0.5,2.75,0,0.3,12.05,0
2,2019-1-7 23:55,2019-1-7 23:59,1,1.73,1,N,107,229,1,6.5,0.5,0.5,2.34,0,0.3,10.14,
2,2019-1-15 18:04,2019-1-15 18:55,1,18.28,2,N,132,164,1,52,4.5,0.5,12.61,5.76,0.3,75.67,
2,2019-1-5 16:10,2019-1-5 16:21,1,2.19,1,N,161,236,1,9.5,0,0.5,2.06,0,0.3,12.36,
1,2019-1-3 13:22,2019-1-3 13:27,1,0.8,1,N,264,264,1,5.5,0,0.5,1.25,0,0.3,7.55,
2,2019-1-28 15:09,2019-1-28 15:20,1,1.4,1,N,68,234,1,8.5,0,0.5,1.86,0,0.3,11.16,0
2,2019-1-5 15:27,2019-1-5 15:31,1,0.58,1,N,231,114,1,5,0,0.5,1.16,0,0.3,6.96,
2,2019-1-30 23:08,2019-1-30 23:13,1,1.17,1,N,230,162,1,6,0.5,0.5,1.82,0,0.3,9.12,0
2,2019-1-20 18:30,2019-1-20 18:35,1,0.7,1,N,229,162,2,5.5,0,0.5,0,0,0.3,6.3,
1,2019-1-28 10:49,2019-1-28 11:03,1,1.1,1,N,236,162,1,10,0,0.5,1.2,0,0.3,12,0
1,2019-1-16 18:33,2019-1-16 18:44,1,1.7,1,N,141,142,2,9,1,0.5,0,0,0.3,10.8,
2,2019-1-15 8:43,2019-1-15 8:53,1,1.41,1,N,162,48,1,8.5,0,0.5,1.86,0,0.3,11.16,
2,2019-1-9 21:52,2019-1-9 22:06,1,2.6,1,N,162,146,1,12,0.5,0.5,3.99,0,0.3,17.29,
2,2019-1-26 13:20,2019-1-26 13:22,1,0.4,1,N,151,24,2,3.5,0,0.5,0,0,0.3,4.3,0
1,2019-1-12 19:34,2019-1-12 19:40,1,1,1,N,236,236,1,6.5,0,0.5,0.75,0,0.3,8.05,
2,2019-1-17 11:39,2019-1-17 11:46,1,0.5,1,N,140,229,2,6,0,0.5,0,0,0.3,6.8,
2,2019-1-12 21:37,2019-1-12 21:46,1,1.2,1,N,158,68,2,7.5,0.5,0.5,0,0,0.3,8.8,
2,2019-1-20 18:39,2019-1-20 18:44,1,0.83,1,N,234,100,2,5.5,0,0.5,0,0,0.3,6.3,
1,2019-1-23 13:58,2019-1-23 14:06,1,0.7,1,N,144,125,1,6.5,0,0.5,1.45,0,0.3,8.75,0
1,2019-1-18 8:24,2019-1-18 8:50,1,8.1,1,N,140,127,1,27,0,0.5,5.56,0,0.3,33.36,
2,2019-1-17 1:08,2019-1-17 1:13,1,0.73,1,N,79,79,1,5.5,0.5,0.5,1.02,0,0.3,7.82,
2,2019-1-27 13:08,2019-1-27 13:13,1,0.77,1,N,113,90,1,5,0,0.5,1,0,0.3,6.8,0
1,2019-1-12 23:26,2019-1-12 23:28,1,1.1,1,N,50,143,1,5,0.5,0.5,1.25,0,0.3,7.55,
1,2019-1-5 19:26,2019-1-5 19:35,1,2,1,N,79,233,1,9,0,0.5,1.95,0,0.3,11.75,
2,2019-1-9 18:30,2019-1-9 18:51,1,5.38,1,N,114,239,1,19.5,1,0.5,4.26,0,0.3,27.51,
2,2019-1-11 11:04,2019-1-11 11:15,1,1.6,1,N,231,65,2,9,0,0.5,0,0,0.3,9.8,
2,2019-1-20 0:46,2019-1-20 0:57,1,1.94,1,N,164,233,2,10,0.5,0.5,0,0,0.3,11.3,
2,2019-1-27 12:04,2019-1-27 12:21,1,3.19,1,N,236,234,1,14,0,0.5,1.44,0,0.3,16.24,0
1,2019-1-6 9:48,2019-1-6 9:52,1,0.5,1,N,100,186,2,4.5,0,0.5,0,0,0.3,5.3,
2,2019-1-30 23:02,2019-1-30 23:15,1,3.91,1,N,233,75,1,13.5,0.5,0.5,2.96,0,0.3,17.76,0
2,2019-1-23 7:54,2019-1-23 8:00,1,0.9,1,N,100,68,1,6,0,0.5,1.36,0,0.3,8.16,0
2,2019-1-30 10:14,2019-1-30 10:39,1,3.51,1,N,186,229,2,18,0,0.5,0,0,0.3,18.8,0
2,2019-1-31 15:36,2019-1-31 15:58,1,2.74,1,N,263,161,1,15.5,0,0.5,3.26,0,0.3,19.56,0
2,2019-1-5 20:39,2019-1-5 20:52,1,1.76,1,N,186,125,2,9.5,0.5,0.5,0,0,0.3,10.8,
1,2019-1-9 9:17,2019-1-9 9:37,1,2.3,1,N,224,161,2,14,0,0.5,0,0,0.3,14.8,
1,2019-1-4 2:53,2019-1-4 3:11,1,6.1,1,N,249,226,2,19.5,0.5,0.5,0,0,0.3,20.8,
2,2019-1-14 13:17,2019-1-14 13:24,1,1.24,1,N,163,170,2,7,0,0.5,0,0,0.3,7.8,
1,2019-1-17 15:59,2019-1-17 16:35,1,4.5,1,N,141,231,1,23,1,0.5,6.2,0,0.3,31,
2,2019-1-29 9:46,2019-1-29 10:06,1,1.44,1,N,170,230,2,12.5,0,0.5,0,0,0.3,13.3,0
2,2019-1-20 6:50,2019-1-20 6:50,1,0,5,N,1,1,1,102.5,0,0,0,0,0.3,102.8,
1,2019-1-20 9:57,2019-1-20 10:03,1,1.9,1,N,48,68,1,8,0,0.5,0.44,0,0.3,9.24,
2,2019-1-30 12:51,2019-1-30 13:20,1,3.29,1,N,211,161,1,18.5,0,0.5,3.86,0,0.3,23.16,0
2,2019-1-16 10:40,2019-1-16 10:48,1,1.17,1,N,236,237,1,7,0,0.5,0.39,0,0.3,8.19,
2,2019-1-2 9:01,2019-1-2 9:08,1,1.68,1,N,107,233,1,7.5,0,0.5,1,0,0.3,9.3,
1,2019-1-25 14:22,2019-1-25 14:52,1,2.2,1,N,186,233,1,18,0,0.5,5,0,0.3,23.8,0
2,2019-1-18 12:08,2019-1-18 12:33,1,3.87,5,N,68,236,1,17.18,0,0.5,0,0,0.3,17.98,
1,2019-1-28 0:13,2019-1-28 0:19,1,2.2,1,N,141,137,1,8,0.5,0.5,1,0,0.3,10.3,0
2,2019-1-14 17:32,2019-1-14 18:26,1,16.12,2,N,107,132,1,52,4.5,0.5,12.61,5.76,0.3,75.67,
2,2019-1-14 15:49,2019-1-14 15:56,1,1.23,1,N,237,170,1,7,0,0.5,1.95,0,0.3,9.75,
1,2019-1-28 14:18,2019-1-28 14:23,1,0.5,1,N,125,249,1,5,0,0.5,1.15,0,0.3,6.95,0
1,2019-1-23 22:59,2019-1-23 23:11,1,3.3,1,N,145,233,1,12.5,0.5,0.5,2.75,0,0.3,16.55,0
2,2019-1-17 7:29,2019-1-17 7:37,1,2.21,1,N,263,74,1,8.5,0,0.5,1.86,0,0.3,11.16,
2,2019-1-6 0:42,2019-1-6 0:52,1,1.66,1,N,163,141,1,8.5,0.5,0.5,2.08,0,0.3,11.88,
2,2019-1-15 21:07,2019-1-15 21:19,1,2.21,1,N,161,140,1,10,0.5,0.5,2.26,0,0.3,13.56,
2,2019-1-11 19:18,2019-1-11 19:32,1,2.1,1,N,163,246,1,11,1,0.5,3.2,0,0.3,16,
2,2019-1-13 15:15,2019-1-13 15:36,1,3.38,1,N,114,163,1,15.5,0,0.5,4.89,0,0.3,21.19,
1,2019-1-31 11:02,2019-1-31 11:06,1,0.4,1,N,142,230,1,4.5,0,0.5,1.05,0,0.3,6.35,0
2,2019-1-27 16:11,2019-1-27 16:26,1,2.6,1,N,142,263,2,12,0,0.5,0,0,0.3,12.8,0
2,2019-1-30 10:37,2019-1-30 10:42,1,0.99,1,N,148,107,1,6,0,0.5,1.36,0,0.3,8.16,0
1,2019-1-16 8:45,2019-1-16 8:55,1,1.6,1,N,17,62,1,8.5,0,0.5,1,0,0.3,10.3,
2,2019-1-9 10:17,2019-1-9 10:21,1,0.43,1,N,262,262,2,4.5,0,0.5,0,0,0.3,5.3,
2,2019-1-16 18:05,2019-1-16 18:12,1,1.09,1,N,263,236,1,6,1,0.5,1.56,0,0.3,9.36,
1,2019-1-1 8:51,2019-1-1 9:00,1,4.7,1,N,238,244,2,15,0,0.5,0,0,0.3,15.8,
1,2019-1-7 15:20,2019-1-7 15:27,1,0.3,1,N,140,140,1,6,0,0.5,1.35,0,0.3,8.15,
1,2019-1-8 15:14,2019-1-8 15:27,1,1.2,1,N,237,236,1,9.5,0,0.5,2.55,0,0.3,12.85,
1,2019-1-23 0:01,2019-1-23 0:15,1,3.4,1,N,48,262,1,13,0.5,0.5,2.85,0,0.3,17.15,0
2,2019-1-17 6:05,2019-1-17 6:16,1,1.99,1,N,107,43,2,9.5,0,0.5,0,0,0.3,10.3,
2,2019-1-24 19:16,2019-1-24 19:27,1,1.51,1,N,137,234,1,9,1,0.5,0,0,0.3,10.8,0
2,2019-1-2 23:53,2019-1-2 23:57,1,0.92,1,N,125,45,2,5.5,0.5,0.5,0,0,0.3,6.8,
2,2019-1-10 22:38,2019-1-10 22:53,1,2.88,1,N,162,238,1,13.5,0.5,0.5,2.96,0,0.3,17.76,
1,2019-1-27 9:12,2019-1-27 9:33,1,9.7,1,Y,230,138,2,29,0,0.5,0,0,0.3,29.8,0
2,2019-1-25 18:26,2019-1-25 18:37,1,2.09,1,N,170,263,1,9.5,1,0.5,2.26,0,0.3,13.56,0
2,2019-1-22 8:32,2019-1-22 8:42,1,1.43,1,N,162,137,1,8,0,0.5,0.88,0,0.3,9.68,0
2,2019-1-3 15:52,2019-1-3 16:15,1,3,1,N,236,107,1,16,0,0.5,3.36,0,0.3,20.16,
2,2019-1-16 4:52,2019-1-16 4:57,1,1.28,1,N,170,161,2,6,0.5,0.5,0,0,0.3,7.3,
1,2019-1-1 18:58,2019-1-1 19:05,1,0.9,1,N,162,137,1,6,0,0.5,1.35,0,0.3,8.15,
2,2019-1-11 13:15,2019-1-11 13:17,1,0.36,1,N,142,43,1,3.5,0,0.5,0.86,0,0.3,5.16,
2,2019-1-8 20:51,2019-1-8 21:13,1,4.29,1,N,166,229,1,17,0.5,0.5,3.66,0,0.3,21.96,
2,2019-1-10 9:47,2019-1-10 9:53,1,1.56,1,N,116,152,2,7.5,0,0.5,0,0,0.3,8.3,
2,2019-1-19 21:17,2019-1-19 21:19,1,0.74,1,N,231,13,1,4,0.5,0.5,1.06,0,0.3,6.36,
1,2019-1-29 15:02,2019-1-29 15:14,1,0.8,1,N,261,88,1,8.5,0,0.5,2.3,0,0.3,11.6,0
1,2019-1-15 15:17,2019-1-15 15:50,1,9.5,1,N,107,244,1,30.5,0,0.5,6.25,0,0.3,37.55,
1,2019-1-25 8:43,2019-1-25 8:46,1,0.6,1,N,87,88,1,4.5,0,0.5,3,0,0.3,8.3,0
2,2019-1-31 21:57,2019-1-31 22:01,1,0.67,1,N,79,79,1,4.5,0.5,0.5,1.16,0,0.3,6.96,0
2,2019-1-17 17:30,2019-1-17 18:16,1,8.51,1,N,233,138,1,34,1,0.5,7.5,5.76,0.3,49.06,
2,2019-1-17 14:35,2019-1-17 14:45,1,1.38,1,N,233,140,1,8,0,0.5,1.76,0,0.3,10.56,
2,2019-1-7 7:59,2019-1-7 8:14,1,2.03,1,N,50,163,1,10.5,0,0.5,1.5,0,0.3,12.8,
2,2019-1-1 11:40,2019-1-1 11:52,1,7.13,1,N,261,140,2,21,0,0.5,0,0,0.3,21.8,
2,2019-1-20 21:41,2019-1-20 21:42,1,0.61,1,N,141,263,2,4,0.5,0.5,0,0,0.3,5.3,
2,2019-1-23 7:33,2019-1-23 7:41,1,1.01,1,N,100,161,1,7,0,0.5,1.56,0,0.3,9.36,0
2,2019-1-17 7:29,2019-1-17 7:38,1,1.31,1,N,236,262,1,7,0,0.5,1.17,0,0.3,8.97,
2,2019-1-13 9:26,2019-1-13 9:29,1,0.77,1,N,141,263,2,4.5,0,0.5,0,0,0.3,5.3,
2,2019-1-19 20:51,2019-1-19 20:54,1,0.32,1,N,233,233,2,4,0.5,0.5,0,0,0.3,5.3,
2,2019-1-8 0:38,2019-1-8 0:52,1,7.07,1,N,132,197,1,21,0.5,0.5,4.46,0,0.3,26.76,
2,2019-1-31 13:39,2019-1-31 13:50,1,1.04,1,N,144,231,1,8.5,0,0.5,1.4,0,0.3,10.7,0
1,2019-1-14 8:13,2019-1-14 8:38,1,1.9,1,N,162,246,2,14.5,0,0.5,0,0,0.3,15.3,
2,2019-1-4 11:40,2019-1-4 11:47,1,0.8,1,N,239,143,2,6,0,0.5,0,0,0.3,6.8,
2,2019-1-2 14:50,2019-1-2 15:31,1,17.13,2,N,132,233,1,52,0,0.5,14.64,5.76,0.3,73.2,
1,2019-1-31 19:06,2019-1-31 19:17,1,1.3,1,N,148,231,2,8.5,1,0.5,0,0,0.3,10.3,0
2,2019-1-18 11:37,2019-1-18 11:52,1,2.07,1,N,237,238,1,11.5,0,0.5,1.25,0,0.3,13.55,
2,2019-1-19 10:22,2019-1-19 10:43,1,1.28,1,N,230,161,1,12.5,0,0.5,0,0,0.3,13.3,
1,2019-1-31 7:37,2019-1-31 7:50,1,1.9,1,N,186,50,1,10,0,0.5,2.7,0,0.3,13.5,0
2,2019-1-31 18:36,2019-1-31 18:41,1,0.76,1,N,236,236,1,5.5,1,0.5,1.46,0,0.3,8.76,0
1,2019-1-9 17:59,2019-1-9 18:08,1,0.8,1,N,249,79,1,7,1,0.5,0.88,0,0.3,9.68,
2,2019-1-25 16:32,2019-1-25 16:43,1,2.07,1,N,142,24,1,10,1,0.5,2.36,0,0.3,14.16,0
1,2019-1-11 2:10,2019-1-11 2:24,1,4.1,1,N,142,224,1,14.5,0.5,0.5,3.15,0,0.3,18.95,
1,2019-1-16 5:36,2019-1-16 5:41,1,1.6,1,N,141,170,1,6.5,0,0.5,1.8,0,0.3,9.1,
2,2019-1-13 1:41,2019-1-13 1:50,1,1.92,1,N,161,237,2,8.5,0.5,0.5,0,0,0.3,9.8,
2,2019-1-6 11:47,2019-1-6 11:53,1,1.24,1,N,162,236,2,7,0,0.5,0,0,0.3,7.8,
2,2019-1-29 19:15,2019-1-29 19:23,1,0.42,1,N,164,186,1,6,1,0.5,1,0,0.3,8.8,0
2,2019-1-17 12:54,2019-1-17 13:25,1,6.04,1,N,43,113,1,24.5,0,0.5,6.32,0,0.3,31.62,
1,2019-1-8 13:18,2019-1-8 13:36,1,2,1,N,249,170,2,12.5,0,0.5,0,0,0.3,13.3,
1,2019-1-4 20:50,2019-1-4 21:04,1,1.5,1,N,164,186,1,10.5,0.5,0.5,2.95,0,0.3,14.75,
2,2019-1-25 21:26,2019-1-25 21:35,1,1.93,1,N,161,237,2,8.5,0.5,0.5,0,0,0.3,9.8,0
2,2019-1-28 11:34,2019-1-28 11:35,1,0.41,1,N,164,234,1,3.5,0,0.5,0.86,0,0.3,5.16,0
2,2019-1-28 15:40,2019-1-28 15:41,1,0.39,1,N,113,90,1,3.5,0,0.5,0.86,0,0.3,5.16,0
2,2019-1-16 6:12,2019-1-16 6:20,1,1.65,1,N,186,229,1,8,0,0.5,2.2,0,0.3,11,
2,2019-1-24 9:52,2019-1-24 10:18,1,1.33,1,N,237,161,2,15.5,0,0.5,0,0,0.3,16.3,0
2,2019-1-8 7:43,2019-1-8 7:54,1,1.8,1,N,50,234,1,9,0,0.5,1.96,0,0.3,11.76,
2,2019-1-23 21:15,2019-1-23 21:36,1,10.42,1,N,45,14,1,30,0.5,0.5,6.26,0,0.3,37.56,0
1,2019-1-19 18:47,2019-1-19 19:02,1,2.2,1,N,249,161,2,11,0,0.5,0,0,0.3,11.8,
1,2019-1-25 0:04,2019-1-25 0:16,1,1.5,1,N,163,164,1,9,0.5,0.5,1.55,0,0.3,11.85,0
1,2019-1-5 18:46,2019-1-5 19:03,1,4,1,N,79,140,2,15.5,0,0.5,0,0,0.3,16.3,
2,2019-1-11 14:40,2019-1-11 15:36,1,19.96,2,N,132,141,1,52,0,0.5,10,5.76,0.3,68.56,
1,2019-1-30 15:57,2019-1-30 16:09,1,1.3,1,N,141,262,2,8.5,0,0.5,0,0,0.3,9.3,0
1,2019-1-2 15:12,2019-1-2 15:24,1,2.2,1,N,140,230,1,10,0,0.5,2.15,0,0.3,12.95,
2,2019-1-4 20:10,2019-1-4 20:15,1,0.61,1,N,161,230,1,5,0.5,0.5,5,0,0.3,11.3,
2,2019-1-26 20:46,2019-1-26 20:53,1,0.96,1,N,13,261,2,6,0.5,0.5,0,0,0.3,7.3,0
2,2019-1-18 9:28,2019-1-18 9:48,1,1.61,1,N,234,68,2,13.5,0,0.5,0,0,0.3,14.3,
2,2019-1-21 22:44,2019-1-21 22:51,1,1.86,1,N,141,236,1,8.5,0.5,0.5,1.96,0,0.3,11.76,0
2,2019-1-28 10:13,2019-1-28 10:21,1,1.23,1,N,162,137,1,7,0,0.5,1.56,0,0.3,9.36,0
2,2019-1-27 18:56,2019-1-27 19:14,1,2.41,1,N,234,141,1,13,0,0.5,2.76,0,0.3,16.56,0
1,2019-1-3 21:33,2019-1-3 21:50,1,3.1,1,N,239,233,1,13.5,0.5,0.5,2.95,0,0.3,17.75,
1,2019-1-30 8:37,2019-1-30 8:47,1,1.4,1,N,236,43,1,8.5,0,0.5,1.85,0,0.3,11.15,0
2,2019-1-26 16:27,2019-1-26 16:35,1,1.36,1,N,237,233,2,7.5,0,0.5,0,0,0.3,8.3,0
2,2019-1-24 21:07,2019-1-24 21:18,1,3.67,1,N,50,151,2,13.5,0.5,0.5,0,0,0.3,14.8,0
1,2019-1-23 18:10,2019-1-23 18:20,1,2.1,1,N,48,238,1,9.5,1,0.5,2.25,0,0.3,13.55,0
2,2019-1-14 13:20,2019-1-14 13:40,1,2.9,1,N,107,162,1,14,0,0.5,2.96,0,0.3,17.76,
4,2019-1-26 23:27,2019-1-26 23:57,1,19.64,1,N,132,33,1,53,0.5,0.5,10,0,0.3,64.3,
2,2019-1-21 10:36,2019-1-21 10:56,1,2.97,1,N,163,113,1,13.5,0,0.5,3.58,0,0.3,17.88,0
2,2019-1-9 12:10,2019-1-9 12:17,1,0.5,1,N,246,50,2,6,0,0.5,0,0,0.3,6.8,
1,2019-1-3 21:20,2019-1-3 21:28,1,1.5,1,N,161,141,1,8,0.5,0.5,1.85,0,0.3,11.15,
2,2019-1-31 17:29,2019-1-31 18:32,1,21.96,5,N,261,39,1,64.77,0,0.5,0,5.76,0.3,71.33,0
2,2019-1-15 17:41,2019-1-15 17:55,1,2.58,1,N,236,230,1,11.5,1,0.5,2.66,0,0.3,15.96,
4,2019-1-15 11:50,2019-1-15 12:05,1,1.43,1,N,90,230,1,10.5,0,0.5,2.83,0,0.3,14.13,
2,2019-1-6 20:54,2019-1-6 21:04,1,1.7,1,N,230,162,2,8.5,0.5,0.5,0,0,0.3,9.8,
2,2019-1-17 20:35,2019-1-17 20:50,1,2.07,1,N,141,137,2,11,0.5,0.5,0,0,0.3,12.3,
2,2019-1-28 12:52,2019-1-28 13:02,1,2.65,1,N,158,12,1,10.5,0,0.5,2.08,0,0.3,13.38,0
1,2019-1-14 15:11,2019-1-14 15:18,1,0.8,1,N,239,142,2,6.5,0,0.5,0,0,0.3,7.3,
1,2019-1-29 18:05,2019-1-29 18:23,1,2.5,1,N,170,249,2,13,1,0.5,0,0,0.3,14.8,0
2,2019-1-27 12:18,2019-1-27 12:21,1,0.38,1,N,237,237,1,4,0,0.5,1.2,0,0.3,6,0
2,2019-1-31 19:50,2019-1-31 20:16,1,5.6,1,N,230,261,1,22.5,1,0.5,6.08,0,0.3,30.38,0
2,2019-1-19 21:53,2019-1-19 22:01,1,1.74,1,N,233,79,1,7.5,0.5,0.5,1.76,0,0.3,10.56,
2,2019-1-18 21:58,2019-1-18 22:03,1,0.95,1,N,229,141,1,5.5,0.5,0.5,1.36,0,0.3,8.16,
1,2019-1-19 23:52,2019-1-19 23:57,1,1.4,1,N,234,125,2,6.5,0.5,0.5,0,0,0.3,7.8,
2,2019-1-9 22:05,2019-1-9 22:11,1,0.69,1,N,79,249,2,6,0.5,0.5,0,0,0.3,7.3,
2,2019-1-31 5:23,2019-1-31 5:31,1,1.65,1,N,246,90,2,8,0.5,0.5,0,0,0.3,9.3,0
2,2019-1-26 20:04,2019-1-26 20:07,1,0.76,1,N,151,238,2,4.5,0.5,0.5,0,0,0.3,5.8,0
2,2019-1-18 0:12,2019-1-18 0:18,1,0.96,1,N,132,132,1,6.5,0.5,0.5,0.78,0,0.3,8.58,
2,2019-1-31 12:25,2019-1-31 12:31,1,0.43,1,N,48,163,2,6,0,0.5,0,0,0.3,6.8,0
2,2019-1-22 22:14,2019-1-22 22:19,1,0.98,1,N,75,262,1,5.5,0.5,0.5,1.7,0,0.3,8.5,0
1,2019-1-19 16:15,2019-1-19 16:26,1,1.9,1,N,236,229,2,9.5,1,0.5,0,0,0.3,11.3,
2,2019-1-11 12:59,2019-1-11 13:10,1,1.33,1,N,237,140,2,9,0,0.5,0,0,0.3,9.8,
2,2019-1-17 5:42,2019-1-17 6:06,1,13.85,1,N,13,138,1,38.5,0.5,0.5,7.96,0,0.3,47.76,
2,2019-1-17 7:10,2019-1-17 7:15,1,1.41,1,N,231,113,1,6.5,0,0.5,1,0,0.3,8.3,
2,2019-1-21 17:12,2019-1-21 17:51,1,12.49,1,N,75,53,1,40.5,0,0.5,0,5.76,0.3,49.01,0
2,2019-1-10 19:32,2019-1-10 19:41,1,2.65,1,N,151,116,2,9.5,1,0.5,0,0,0.3,11.3,
2,2019-1-19 16:21,2019-1-19 16:41,1,2.82,1,N,239,100,2,14,0,0.5,0,0,0.3,14.8,
1,2019-1-10 1:07,2019-1-10 1:15,1,2.9,1,N,263,137,1,10,0.5,0.5,2.25,0,0.3,13.55,
2,2019-1-19 19:13,2019-1-19 19:29,1,5.79,1,N,261,161,2,19,0,0.5,0,0,0.3,19.8,
2,2019-1-13 2:52,2019-1-13 3:09,1,3.35,1,N,68,87,1,14,0.5,0.5,3.06,0,0.3,18.36,
2,2019-1-4 0:43,2019-1-4 0:47,1,1.69,1,N,162,236,1,7,0.5,0.5,1.66,0,0.3,9.96,
1,2019-1-29 2:38,2019-1-29 3:07,1,14,1,N,249,212,1,39.5,0.5,0.5,2,0,0.3,42.8,0
1,2019-1-16 13:40,2019-1-16 14:08,1,12,1,N,138,231,1,35,0,0.5,7.15,0,0.3,42.95,
1,2019-1-9 10:25,2019-1-9 10:35,1,0.5,1,N,263,237,1,7.5,0,0.5,1.65,0,0.3,9.95,
1,2019-1-24 17:20,2019-1-24 17:40,1,2.4,1,N,237,107,2,13.5,1,0.5,0,0,0.3,15.3,0
2,2019-1-1 9:33,2019-1-1 9:50,1,4.38,1,N,161,231,2,15,0,0.5,0,0,0.3,15.8,
2,2019-1-25 18:57,2019-1-25 19:03,1,0.83,1,N,162,237,1,6,1,0.5,1.17,0,0.3,8.97,0
4,2019-1-3 22:23,2019-1-3 22:41,1,2.46,1,N,211,230,1,13.5,0.5,0.5,2.96,0,0.3,17.76,
1,2019-1-6 10:48,2019-1-6 10:51,1,0.5,1,N,141,237,1,4.5,0,0.5,2,0,0.3,7.3,
1,2019-1-28 22:04,2019-1-28 22:06,1,0.5,1,N,48,50,1,4,0.5,0.5,1.05,0,0.3,6.35,0
2,2019-1-25 18:32,2019-1-25 19:05,1,4.92,1,N,249,181,2,22,1,0.5,0,0,0.3,23.8,0
2,2019-1-28 15:55,2019-1-28 16:02,1,0.8,1,N,237,237,2,6,0,0.5,0,0,0.3,6.8,0
1,2019-1-27 20:23,2019-1-27 20:30,1,1.4,1,N,164,162,2,7,0.5,0.5,0,0,0.3,8.3,0
2,2019-1-18 15:53,2019-1-18 16:03,1,1.75,1,N,236,239,1,9,0,0.5,1.96,0,0.3,11.76,
1,2019-1-6 13:25,2019-1-6 13:46,1,3,1,N,43,234,1,15,0,0.5,4.7,0,0.3,20.5,
2,2019-1-15 14:28,2019-1-15 14:48,1,6.71,1,N,137,97,2,21.5,0,0.5,0,0,0.3,22.3,
2,2019-1-29 21:35,2019-1-29 21:39,1,0.62,1,N,142,142,1,4.5,0.5,0.5,1,0,0.3,6.8,0
2,2019-1-22 12:05,2019-1-22 12:14,1,0.74,1,N,141,141,1,7,0,0.5,1.56,0,0.3,9.36,0
2,2019-1-14 11:30,2019-1-14 11:43,1,1.21,1,N,237,140,1,9,0,0.5,1,0,0.3,10.8,
2,2019-1-23 7:48,2019-1-23 7:58,1,1.78,1,N,113,100,1,8.5,0,0.5,1,0,0.3,10.3,0
2,2019-1-10 13:40,2019-1-10 14:13,1,16.75,2,N,162,132,2,52,0,0.5,0,5.76,0.3,58.56,
2,2019-1-29 7:26,2019-1-29 7:33,1,1.19,1,N,166,41,1,6.5,0,0.5,1,0,0.3,8.3,0
2,2019-1-15 7:45,2019-1-15 7:49,1,0.57,1,N,43,143,1,5,0,0.5,1.16,0,0.3,6.96,
2,2019-1-29 15:10,2019-1-29 15:11,1,0.29,1,N,113,113,2,3,0,0.5,0,0,0.3,3.8,0
1,2019-1-13 3:47,2019-1-13 4:07,1,7.4,1,N,68,42,1,23.5,0.5,0.5,4.95,0,0.3,29.75,
1,2019-1-13 1:52,2019-1-13 1:57,1,1.4,1,N,68,50,2,6.5,0.5,0.5,0,0,0.3,7.8,
1,2019-1-31 16:46,2019-1-31 16:52,1,1.1,1,N,264,264,2,6,1,0.5,0,0,0.3,7.8,0
2,2019-1-27 23:58,2019-1-28 0:01,1,0.94,1,N,79,148,2,5,0.5,0.5,0,0,0.3,6.3,0
2,2019-1-26 9:39,2019-1-26 9:46,1,0.9,1,N,264,264,2,6,0,0.5,0,0,0.3,6.8,0
2,2019-1-9 16:36,2019-1-9 17:19,1,14.88,2,N,10,43,1,52,4.5,0.5,7,5.76,0.3,70.06,
1,2019-1-20 14:46,2019-1-20 15:23,1,18.9,2,N,132,48,1,52,0,0.5,14.6,5.76,0.3,73.16,
2,2019-1-10 8:30,2019-1-10 8:41,1,1.7,1,N,164,229,2,9,0,0.5,0,0,0.3,9.8,
2,2019-1-24 15:05,2019-1-24 15:16,1,1.81,1,N,164,79,1,9.5,0,0.5,2.06,0,0.3,12.36,0
2,2019-1-26 0:12,2019-1-26 0:17,1,1.52,1,N,229,107,1,6.5,0.5,0.5,1,0,0.3,8.8,0
1,2019-1-30 8:41,2019-1-30 8:57,1,0.9,1,N,140,229,2,10,0,0.5,0,0,0.3,10.8,0
1,2019-1-29 12:12,2019-1-29 12:30,1,2.2,1,N,246,161,1,13,0,0.5,3.45,0,0.3,17.25,0
2,2019-1-21 8:34,2019-1-21 8:54,1,7.85,1,N,87,145,1,24.5,0,0.5,3.25,0,0.3,28.55,0
2,2019-1-12 16:27,2019-1-12 16:36,1,1,1,N,43,161,2,7.5,1,0.5,0,0,0.3,9.3,
2,2019-1-24 14:03,2019-1-24 14:08,1,0.68,1,N,143,142,1,5,0,0.5,1.45,0,0.3,7.25,0
2,2019-1-11 19:05,2019-1-11 19:27,1,7.76,1,N,138,255,1,24,1,0.5,3,0,0.3,28.8,
1,2019-1-31 8:03,2019-1-31 8:15,1,1.5,1,N,141,163,1,9.5,0,0.5,2.05,0,0.3,12.35,0
2,2019-1-12 10:47,2019-1-12 10:53,1,2,1,N,142,166,1,7.5,0,0.5,1.66,0,0.3,9.96,
1,2019-1-22 12:33,2019-1-22 12:43,1,1.6,1,N,141,238,2,9,0,0.5,0,0,0.3,9.8,0
1,2019-1-9 12:59,2019-1-9 13:07,1,0.5,1,N,142,163,2,6.5,0,0.5,0,0,0.3,7.3,
2,2019-1-5 14:10,2019-1-5 14:22,1,2.18,1,N,238,50,1,10,0,0.5,1.5,0,0.3,12.3,
1,2019-1-6 0:04,2019-1-6 0:04,1,6.5,1,N,97,97,2,2.5,0.5,0.5,0,0,0.3,3.8,
1,2019-1-6 0:12,2019-1-6 0:25,1,2.4,1,N,263,142,1,11,0.5,0.5,2.46,0,0.3,14.76,
2,2019-1-16 17:36,2019-1-16 17:55,1,1.58,1,N,68,161,1,12,1,0.5,3.45,0,0.3,17.25,
2,2019-1-5 14:03,2019-1-5 14:06,1,0.93,1,N,162,236,2,4.5,0,0.5,0,0,0.3,5.3,
2,2019-1-31 15:18,2019-1-31 15:27,1,1.27,1,N,238,236,2,8,0,0.5,0,0,0.3,8.8,0
2,2019-1-2 19:55,2019-1-2 20:01,1,1.04,1,N,163,237,1,6,1,0.5,2.34,0,0.3,10.14,
1,2019-1-31 21:55,2019-1-31 22:07,1,2.1,1,N,264,264,1,10.5,0.5,0.5,2.35,0,0.3,14.15,0
2,2019-1-5 17:14,2019-1-5 17:17,1,0.95,1,N,141,141,1,5,0,0.5,1.16,0,0.3,6.96,
2,2019-1-23 18:30,2019-1-23 18:41,1,1.6,1,N,163,263,1,9,1,0.5,2.16,0,0.3,12.96,0
4,2019-1-25 23:14,2019-1-25 23:52,1,12.17,1,N,170,14,1,39,0.5,0.5,8.06,0,0.3,48.36,
1,2019-1-19 12:56,2019-1-19 13:27,1,2.4,1,N,186,48,2,19,0,0.5,0,0,0.3,19.8,
1,2019-1-22 14:10,2019-1-22 14:17,1,0.8,1,N,261,211,2,6.5,0,0.5,0,0,0.3,7.3,0
2,2019-1-18 9:15,2019-1-18 9:18,1,0.65,1,N,90,114,1,4,0,0.5,0.5,0,0.3,5.3,
2,2019-1-7 8:32,2019-1-7 8:44,1,1.58,1,N,140,163,1,9.5,0,0.5,1.5,0,0.3,11.8,
1,2019-1-3 4:22,2019-1-3 4:40,1,5.1,1,N,79,143,2,17.5,0.5,0.5,0,0,0.3,18.8,
2,2019-1-18 12:00,2019-1-18 12:27,1,4.63,1,N,125,49,1,20,0,0.5,4.16,0,0.3,24.96,
2,2019-1-8 17:07,2019-1-8 17:16,1,1.72,1,N,236,74,1,8.5,1,0.5,3.09,0,0.3,13.39,
2,2019-1-12 20:45,2019-1-12 20:48,1,1.07,1,N,263,263,2,5,0.5,0.5,0,0,0.3,6.3,
2,2019-1-8 12:08,2019-1-8 12:19,1,0.98,1,N,186,230,2,8,0,0.5,0,0,0.3,8.8,
2,2019-1-28 9:08,2019-1-28 9:25,1,1.44,1,N,236,237,2,11.5,0,0.5,0,0,0.3,12.3,0
2,2019-1-22 11:09,2019-1-22 11:22,1,1.58,1,N,262,237,2,10,0,0.5,0,0,0.3,10.8,0
2,2019-1-1 23:43,2019-1-1 23:51,1,2.72,1,N,75,162,2,10,0.5,0.5,0,0,0.3,11.3,
2,2019-1-17 11:05,2019-1-17 11:43,1,3.7,1,N,148,48,1,23.5,0,0.5,4,0,0.3,28.3,
2,2019-1-15 20:34,2019-1-15 20:49,1,2.98,1,N,230,236,2,12.5,0.5,0.5,0,0,0.3,13.8,
1,2019-1-28 13:10,2019-1-28 13:15,1,0.7,1,N,140,237,1,5,0,0.5,1.4,0,0.3,7.2,0
2,2019-1-30 16:45,2019-1-30 16:56,1,1.38,1,N,186,48,2,8.5,1,0.5,0,0,0.3,10.3,0
1,2019-1-28 22:31,2019-1-28 22:39,1,2.1,1,N,48,113,1,8.5,0.5,0.5,1.95,0,0.3,11.75,0
1,2019-1-24 11:30,2019-1-24 11:35,1,0.4,1,N,48,68,2,5,0,0.5,0,0,0.3,5.8,0
2,2019-1-3 23:35,2019-1-3 23:45,1,1.56,1,N,107,158,1,8.5,0.5,0.5,1.47,0,0.3,11.27,
2,2019-1-13 14:18,2019-1-13 14:25,1,0.86,1,N,161,229,1,6,0,0.5,1.2,0,0.3,8,
1,2019-1-18 0:51,2019-1-18 0:54,1,1,1,N,164,90,1,5,0.5,0.5,0.63,0,0.3,6.93,
2,2019-1-5 21:15,2019-1-5 21:21,1,1.64,1,N,74,75,2,7,0.5,0.5,0,0,0.3,8.3,
1,2019-1-28 16:55,2019-1-28 17:03,1,1.2,1,N,238,236,1,7,1,0.5,1,0,0.3,9.8,0
2,2019-1-31 7:42,2019-1-31 7:52,1,0.69,1,N,237,237,2,7,0,0.5,0,0,0.3,7.8,0
2,2019-1-23 19:43,2019-1-23 19:52,1,1.09,1,N,249,211,1,7,1,0.5,1.76,0,0.3,10.56,0
2,2019-1-6 23:26,2019-1-6 23:38,1,5.8,1,N,132,124,2,17,0.5,0.5,0,0,0.3,18.3,
1,2019-1-18 22:56,2019-1-18 23:08,1,2.3,1,N,229,263,2,10.5,0.5,0.5,0,0,0.3,11.8,
2,2019-1-5 2:12,2019-1-5 2:51,1,25.92,1,N,68,5,1,68.5,0.5,0.5,10,17.28,0.3,97.08,
2,2019-1-13 0:58,2019-1-13 1:07,1,0.93,1,N,144,232,2,7.5,0.5,0.5,0,0,0.3,8.8,
1,2019-1-14 8:53,2019-1-14 8:59,1,0.4,1,N,237,237,1,5.5,0,0.5,1.25,0,0.3,7.55,
2,2019-1-26 15:26,2019-1-26 15:32,1,0.72,1,N,237,263,1,5.5,0,0.5,1.26,0,0.3,7.56,0
2,2019-1-16 19:44,2019-1-16 20:01,1,2.03,1,N,236,237,1,12.5,1,0.5,2,0,0.3,16.3,
1,2019-1-21 0:24,2019-1-21 0:37,1,6.7,1,N,238,243,2,20,0.5,0.5,0,0,0.3,21.3,0
1,2019-1-26 18:34,2019-1-26 18:50,1,3.6,1,N,229,226,2,14.5,0,0.5,0,0,0.3,15.3,0
1,2019-1-24 17:28,2019-1-24 17:40,1,1.8,1,N,237,230,2,10,1,0.5,0,0,0.3,11.8,0
1,2019-1-25 21:29,2019-1-25 21:44,1,2.4,1,N,264,264,1,11.5,0.5,0.5,1.5,0,0.3,14.3,0
2,2019-1-17 19:01,2019-1-17 19:08,1,0.58,1,N,161,163,2,6,1,0.5,0,0,0.3,7.8,
1,2019-1-15 19:12,2019-1-15 19:15,1,0.7,1,N,166,166,1,5,1,0.5,2.04,0,0.3,8.84,
2,2019-1-31 23:29,2019-1-31 23:43,1,2.85,1,N,234,87,1,12,0.5,0.5,2.66,0,0.3,15.96,0
1,2019-1-14 18:14,2019-1-14 18:19,1,0.8,1,N,239,142,1,5.5,1,0.5,1.25,0,0.3,8.55,
2,2019-1-3 17:27,2019-1-3 17:31,1,1.02,1,N,211,90,1,5.5,1,0.5,1,0,0.3,8.3,
2,2019-1-15 20:45,2019-1-15 20:52,1,1.39,1,N,137,100,1,7,0.5,0.5,1.66,0,0.3,9.96,
2,2019-1-18 18:45,2019-1-18 18:54,1,0.95,1,N,164,162,2,7.5,1,0.5,0,0,0.3,9.3,
1,2019-1-8 9:56,2019-1-8 10:07,1,1.2,1,N,249,90,1,8,0,0.5,1.75,0,0.3,10.55,
2,2019-1-30 8:10,2019-1-30 8:25,1,4.34,1,N,186,238,1,16,0,0.5,3.36,0,0.3,20.16,0
2,2019-1-30 11:11,2019-1-30 11:40,1,2.72,1,N,238,163,1,19,0,0.5,3.5,0,0.3,23.3,0
2,2019-1-31 16:32,2019-1-31 16:47,1,1.29,1,N,161,137,1,10.5,1,0.5,2.46,0,0.3,14.76,0
1,2019-1-11 23:22,2019-1-11 23:32,1,2.2,1,N,231,68,1,9.5,0.5,0.5,2.15,0,0.3,12.95,
1,2019-1-20 12:49,2019-1-20 12:59,1,2.5,1,N,146,179,2,10.5,0,0.5,0,0,0.3,11.3,
2,2019-1-15 7:28,2019-1-15 7:42,1,2.27,1,N,238,163,1,11,0,0.5,2.36,0,0.3,14.16,
2,2019-1-1 3:11,2019-1-1 3:19,1,1.46,1,N,125,13,1,7.5,0.5,0.5,0,0,0.3,8.8,
1,2019-1-4 12:24,2019-1-4 12:27,1,0.5,1,N,239,238,2,4.5,0,0.5,0,0,0.3,5.3,
1,2019-1-27 12:24,2019-1-27 12:30,1,0.9,1,N,162,43,1,6.5,0,0.5,1.45,0,0.3,8.75,0
2,2019-1-6 2:57,2019-1-6 3:01,1,1.14,1,N,100,68,1,5.5,0.5,0.5,1,0,0.3,7.8,
2,2019-1-23 16:07,2019-1-23 16:21,1,0.77,1,N,107,186,1,9.5,1,0.5,2.82,0,0.3,14.12,0
2,2019-1-24 21:49,2019-1-24 21:53,1,0.8,1,N,170,186,2,5,0.5,0.5,0,0,0.3,6.3,0
2,2019-1-14 15:06,2019-1-14 15:22,1,2.1,1,N,143,263,1,11.5,0,0.5,1.84,0,0.3,14.14,
1,2019-1-18 12:06,2019-1-18 12:15,1,0.8,1,N,238,239,1,7.5,0,0.5,1.25,0,0.3,9.55,
2,2019-1-25 17:29,2019-1-25 17:51,1,1.54,1,N,162,246,1,14,1,0.5,3.16,0,0.3,18.96,0
2,2019-1-2 16:11,2019-1-2 16:18,1,1.58,1,N,143,238,1,7.5,1,0.5,1.86,0,0.3,11.16,
2,2019-1-27 3:56,2019-1-27 4:00,1,0.93,1,N,163,48,2,5,0.5,0.5,0,0,0.3,6.3,0
1,2019-1-20 11:00,2019-1-20 11:05,1,1,1,N,116,166,1,6,0,0.5,1.7,0,0.3,8.5,
2,2019-1-28 9:14,2019-1-28 9:32,1,2.74,1,N,143,246,1,13,0,0.5,2.76,0,0.3,16.56,0
2,2019-1-30 8:48,2019-1-30 9:03,1,1.94,1,N,48,246,2,11,0,0.5,0,0,0.3,11.8,0
2,2019-1-18 7:34,2019-1-18 7:42,1,1.98,1,N,234,249,1,8.5,0,0.5,2.79,0,0.3,12.09,
2,2019-1-17 15:47,2019-1-17 16:02,1,1.68,1,N,238,237,2,10.5,0,0.5,0,0,0.3,11.3,
1,2019-1-20 7:04,2019-1-20 7:12,1,2.1,1,N,246,161,1,8.5,0,0.5,2.3,0,0.3,11.6,
2,2019-1-1 12:42,2019-1-1 12:58,1,3.13,1,N,48,262,2,13.5,0,0.5,0,0,0.3,14.3,
2,2019-1-12 13:18,2019-1-12 13:39,1,1.39,1,N,186,230,1,13,0,0.5,4.14,0,0.3,17.94,
4,2019-1-6 17:30,2019-1-6 17:44,1,1.95,1,N,74,151,1,11,0,0.5,1,0,0.3,12.8,
1,2019-1-21 9:43,2019-1-21 9:51,1,0.8,1,N,264,264,1,6.5,0,0.5,1.45,0,0.3,8.75,0
1,2019-1-9 8:01,2019-1-9 8:11,1,3.8,1,N,224,88,1,13.5,0,0.5,1.43,0,0.3,15.73,
1,2019-1-8 5:49,2019-1-8 5:56,1,1.2,1,N,229,230,1,7,0.5,0.5,0,0,0.3,8.3,
1,2019-1-15 9:59,2019-1-15 10:08,1,0.8,1,N,170,170,1,7.5,0,0.5,1.65,0,0.3,9.95,
2,2019-1-11 14:06,2019-1-11 14:17,1,2.31,1,N,161,75,1,9.5,0,0.5,1.03,0,0.3,11.33,
1,2019-1-28 6:46,2019-1-28 6:52,1,0.8,1,N,229,140,2,5.5,0,0.5,0,0,0.3,6.3,0
1,2019-1-12 2:53,2019-1-12 3:02,1,3.3,1,Y,229,74,1,10.5,0.5,0.5,0,0,0.3,11.8,
1,2019-1-16 8:44,2019-1-16 9:00,1,1.8,1,N,229,164,1,11.5,0,0.5,1.25,0,0.3,13.55,
4,2019-1-24 12:28,2019-1-24 12:37,1,0.55,1,N,170,100,2,6.5,0,0.5,0,0,0.3,7.3,
2,2019-1-15 8:26,2019-1-15 8:38,1,0.95,1,N,186,246,1,8,0,0.5,2.64,0,0.3,11.44,
2,2019-1-14 15:15,2019-1-14 15:31,1,1.84,1,N,237,143,1,11.5,0,0.5,1.2,0,0.3,13.5,
2,2019-1-28 9:33,2019-1-28 9:47,1,1.68,1,N,164,230,2,10,0,0.5,0,0,0.3,10.8,0
1,2019-1-22 11:39,2019-1-22 11:41,1,0.4,1,N,237,236,2,4,0,0.5,0,0,0.3,4.8,0
2,2019-1-25 18:43,2019-1-25 18:54,1,2.38,1,N,163,145,1,10.5,1,0.5,2,0,0.3,14.3,0
1,2019-1-10 9:59,2019-1-10 10:19,1,1.6,1,N,163,143,1,13.5,0,0.5,3,0,0.3,17.3,
2,2019-1-28 18:05,2019-1-28 18:19,1,1.93,1,N,90,161,1,10.5,1,0.5,2,0,0.3,14.3,0
2,2019-1-14 5:31,2019-1-14 6:00,1,20.45,3,N,163,1,2,72.5,0.5,0,0,10.5,0.3,83.8,
1,2019-1-10 19:12,2019-1-10 19:22,1,2.1,1,N,65,49,1,9.5,1,0.5,2.25,0,0.3,13.55,
2,2019-1-25 12:54,2019-1-25 13:08,1,1.51,1,N,162,50,1,10.5,0,0.5,2.26,0,0.3,13.56,0
2,2019-1-8 16:13,2019-1-8 16:13,1,0,2,N,164,100,1,52,4.5,0.5,12.61,5.76,0.3,75.67,
2,2019-1-3 13:47,2019-1-3 13:56,1,1.39,1,N,74,236,2,8,0,0.5,0,0,0.3,8.8,
2,2019-1-6 13:54,2019-1-6 14:16,1,11.3,1,N,132,138,1,31.5,0,0.5,6.46,0,0.3,38.76,
2,2019-1-9 21:01,2019-1-9 21:36,1,10.13,1,N,163,181,1,33.5,0.5,0.5,5.22,0,0.3,40.02,
2,2019-1-16 8:09,2019-1-16 8:12,1,0.51,1,N,100,186,2,4,0,0.5,0,0,0.3,4.8,
2,2019-1-15 10:12,2019-1-15 10:37,1,3.98,1,N,236,100,1,18,0,0.5,4.7,0,0.3,23.5,
2,2019-1-12 18:09,2019-1-12 18:31,1,2.97,1,N,113,43,1,15.5,0,0.5,4.08,0,0.3,20.38,
2,2019-1-25 14:42,2019-1-25 14:55,1,1.8,1,N,100,163,2,10,0,0.5,0,0,0.3,10.8,0
2,2019-1-9 16:00,2019-1-9 16:03,1,0.33,1,N,162,164,1,3.5,1,0.5,1.06,0,0.3,6.36,
1,2019-1-2 16:42,2019-1-2 16:46,1,0.4,1,N,113,144,1,4.5,1,0.5,1.55,0,0.3,7.85,
2,2019-1-2 14:23,2019-1-2 15:10,1,19.78,2,N,236,132,1,52,0,0.5,14.64,5.76,0.3,73.2,
2,2019-1-8 17:07,2019-1-8 17:11,1,0.67,1,N,100,68,1,4.5,1,0.5,1.89,0,0.3,8.19,
2,2019-1-17 18:44,2019-1-17 19:22,1,8.73,1,N,138,49,1,32.5,1,0.5,5.5,0,0.3,39.8,
2,2019-1-20 11:03,2019-1-20 11:07,1,1.09,1,N,263,75,2,5.5,0,0.5,0,0,0.3,6.3,
2,2019-1-4 7:20,2019-1-4 7:29,1,2.31,1,N,48,237,2,9.5,0,0.5,0,0,0.3,10.3,
1,2019-1-2 7:52,2019-1-2 8:06,1,3.3,1,N,50,231,1,13.5,0,0.5,2.86,0,0.3,17.16,
2,2019-1-24 12:48,2019-1-24 13:04,1,1.28,1,N,114,234,1,10.5,0,0.5,2.82,0,0.3,14.12,0
2,2019-1-19 16:54,2019-1-19 17:06,1,1.26,1,N,230,186,2,8.5,0,0.5,0,0,0.3,9.3,
2,2019-1-16 21:37,2019-1-16 22:16,1,17.2,2,N,132,237,1,52,0,0.5,0,0,0.3,52.8,
1,2019-1-4 17:06,2019-1-4 17:20,1,1.2,1,N,230,186,2,10,1,0.5,0,0,0.3,11.8,
1,2019-1-15 15:53,2019-1-15 16:08,1,1.5,1,N,246,161,1,10,1,0.5,2.35,0,0.3,14.15,
2,2019-1-29 14:16,2019-1-29 14:23,1,1.16,1,N,211,79,2,7.5,0,0.5,0,0,0.3,8.3,0
2,2019-1-22 11:02,2019-1-22 11:34,1,1.92,1,N,163,68,1,18.5,0,0.5,4.82,0,0.3,24.12,0
2,2019-1-15 16:05,2019-1-15 16:15,1,1.29,1,N,230,142,1,8.5,1,0.5,2.58,0,0.3,12.88,
2,2019-1-24 15:48,2019-1-24 15:52,1,0.48,1,N,234,90,2,4.5,0,0.5,0,0,0.3,5.3,0
2,2019-1-22 13:25,2019-1-22 13:44,1,3.07,1,N,140,230,1,14,0,0.5,2.11,0,0.3,16.91,0
2,2019-1-10 19:45,2019-1-10 19:53,1,1.12,1,N,161,142,2,7,1,0.5,0,0,0.3,8.8,
1,2019-1-3 13:50,2019-1-3 13:59,1,1.1,1,N,236,237,1,7.5,0,0.5,1.65,0,0.3,9.95,
1,2019-1-17 5:04,2019-1-17 5:16,1,3.4,1,N,262,42,1,12.5,0.5,0.5,2.75,0,0.3,16.55,
1,2019-1-1 2:01,2019-1-1 2:15,1,1.9,1,N,48,229,1,10.5,0.5,0.5,1.77,0,0.3,13.57,
1,2019-1-19 14:53,2019-1-19 14:57,1,0.6,1,N,79,114,1,5,0,0.5,1.15,0,0.3,6.95,
2,2019-1-15 11:04,2019-1-15 11:20,1,1.93,1,N,140,161,1,11.5,0,0.5,2,0,0.3,14.3,
2,2019-1-26 14:56,2019-1-26 15:01,1,0.77,1,N,79,113,1,5.5,0,0.5,1.26,0,0.3,7.56,0
1,2019-1-6 1:17,2019-1-6 1:22,1,0.8,1,N,79,148,1,5.5,0.5,0.5,1.35,0,0.3,8.15,
2,2019-1-12 9:39,2019-1-12 9:44,1,0.92,1,N,263,263,2,4.5,0,0.5,0,0,0.3,5.3,
2,2019-1-17 19:05,2019-1-17 19:15,1,1.02,1,N,125,45,1,7.5,1,0.5,1.86,0,0.3,11.16,
1,2019-1-28 11:39,2019-1-28 11:44,1,0.9,1,N,239,238,2,5,0,0.5,0,0,0.3,5.8,0
1,2019-1-20 13:12,2019-1-20 13:21,1,1.4,1,N,100,234,1,8,0,0.5,1.75,0,0.3,10.55,
1,2019-1-18 0:22,2019-1-18 0:25,1,0.5,1,N,249,211,1,4,0.5,0.5,1.05,0,0.3,6.35,
1,2019-1-19 20:17,2019-1-19 20:31,1,2.7,1,N,237,238,1,11.5,0.5,0.5,1,0,0.3,13.8,
2,2019-1-18 6:20,2019-1-18 6:20,1,0,1,N,224,224,2,2.5,0,0.5,0,0,0.3,3.3,
2,2019-1-1 20:44,2019-1-1 21:03,1,4.5,1,N,170,239,1,17.5,0.5,0.5,3.76,0,0.3,22.56,
2,2019-1-4 9:02,2019-1-4 9:09,1,1.1,1,N,141,237,1,6,0,0.5,1.36,0,0.3,8.16,
2,2019-1-30 9:44,2019-1-30 9:59,1,1.58,1,N,142,237,2,10,0,0.5,0,0,0.3,10.8,0
1,2019-1-30 21:41,2019-1-30 21:45,1,0.9,1,N,236,141,1,5,0.5,0.5,1,0,0.3,7.3,0
2,2019-1-1 10:59,2019-1-1 11:04,1,1.03,1,N,141,237,1,5.5,0,0.5,1.58,0,0.3,7.88,
1,2019-1-22 15:53,2019-1-22 16:03,1,0.7,1,N,164,100,1,7.5,0,0.5,1.65,0,0.3,9.95,0
1,2019-1-11 18:00,2019-1-11 18:25,1,2.9,1,N,236,164,1,17,1,0.5,4.7,0,0.3,23.5,
2,2019-1-29 15:28,2019-1-29 15:48,1,1.87,1,N,234,79,2,12.5,0,0.5,0,0,0.3,13.3,0
2,2019-1-19 2:18,2019-1-19 2:26,1,1.31,1,N,129,82,2,8,0.5,0.5,0,0,0.3,9.3,
2,2019-1-31 14:34,2019-1-31 14:39,1,0.65,1,N,158,249,2,5,0,0.5,0,0,0.3,5.8,0
2,2019-1-17 13:38,2019-1-17 13:44,1,1.05,1,N,138,138,1,6,0,0.5,2.04,0,0.3,8.84,
1,2019-1-16 5:53,2019-1-16 5:57,1,0.8,1,N,141,163,1,5,0.5,0.5,1.85,0,0.3,8.15,
2,2019-1-8 22:17,2019-1-8 22:45,1,11.77,1,N,238,257,2,35.5,0.5,0.5,0,5.76,0.3,42.56,
2,2019-1-17 21:49,2019-1-17 21:55,1,0.69,1,N,43,230,1,5.5,0.5,0.5,1.7,0,0.3,8.5,
2,2019-1-27 18:13,2019-1-27 18:27,1,1.57,1,N,161,48,1,10,0,0.5,2.16,0,0.3,12.96,0
1,2019-1-31 6:54,2019-1-31 6:57,1,0.4,1,N,230,161,1,4,0,0.5,0.95,0,0.3,5.75,0
2,2019-1-5 17:31,2019-1-5 17:45,1,2.24,1,N,141,100,1,10.5,0,0.5,1.5,0,0.3,12.8,
2,2019-1-23 21:39,2019-1-23 21:50,1,3.7,1,N,88,79,1,13,0.5,0.5,2.86,0,0.3,17.16,0
2,2019-1-18 7:57,2019-1-18 8:45,1,17.8,2,N,230,132,1,52,0,0.5,11.71,5.76,0.3,70.27,
2,2019-1-7 17:10,2019-1-7 17:15,1,0.67,1,N,143,50,2,4.5,1,0.5,0,0,0.3,6.3,
2,2019-1-11 13:40,2019-1-11 13:50,1,1.54,1,N,236,239,1,8.5,0,0.5,1.86,0,0.3,11.16,
2,2019-1-5 19:46,2019-1-5 19:51,1,2.1,1,N,263,74,2,7.5,0,0.5,0,0,0.3,8.3,
1,2019-1-22 15:27,2019-1-22 15:42,1,2.2,1,N,144,170,1,11,0,0.5,1,0,0.3,12.8,0
